,gesamtmiete,pred
8304,660.0,648.2
4782,510.0,515.6
9250,322.0,376.6
6532,550.0,494.6
2465,600.0,614.4
8947,600.0,532.8
3327,650.0,567.6
13352,500.0,492.9
13248,500.0,487.7
3854,562.0,538.8
13718,240.0,350.3
12617,450.0,478.6
9356,360.0,529.1
5887,420.0,459.5
14022,400.0,623.1
10864,350.0,313.5
7423,380.0,454.7
4114,470.0,475.1
13398,690.0,499.6
4654,275.0,525.4
257,565.0,501.5
9044,500.0,470.2
7537,400.0,468.5
9469,500.0,498.2
13532,500.0,520.4
11091,450.0,453.8
3543,515.0,550.8
9420,800.0,547.7
6274,510.0,523.5
11203,446.0,503.6
1978,600.0,629.9
12599,548.0,518.7
7632,450.0,399.3
12203,780.0,606.8
13806,270.0,293.8
4193,432.0,448.5
13139,475.0,450.8
6440,279.0,295.7
7902,250.0,303.1
7979,480.0,393.2
5938,450.0,452.9
3904,445.0,406.7
11199,455.0,477.3
13536,450.0,443.2
4098,520.0,526.3
4925,465.0,477.2
13797,580.0,555.6
599,400.0,424.9
8167,490.0,590.2
6913,390.0,540.6
260,450.0,430.3
5715,600.0,559.6
7706,450.0,526.6
1739,440.0,450.3
9660,400.0,439.0
1388,435.0,531.4
10254,200.0,315.7
8481,350.0,361.1
8478,475.0,608.9
13292,480.0,499.8
13734,380.0,417.1
4072,550.0,476.3
5648,430.0,397.3
1391,440.0,444.2
1111,498.0,492.5
12224,500.0,493.0
9338,650.0,626.4
12550,500.0,425.5
1716,396.0,423.3
6510,350.0,397.3
5936,750.0,524.9
8107,750.0,547.6
8022,530.0,521.0
14415,463.0,521.3
7893,320.0,370.6
2072,750.0,638.1
14134,417.0,585.8
3126,410.0,360.5
8308,400.0,384.6
10636,450.0,438.4
6939,550.0,489.2
2781,365.0,392.1
7224,580.0,588.8
6320,483.0,460.6
3547,432.0,440.7
438,360.0,277.7
14235,380.0,463.8
7947,240.0,274.3
9437,490.0,480.0
4462,590.0,595.7
7505,380.0,427.2
11707,485.0,481.6
14396,470.0,508.8
12766,650.0,536.2
5888,500.0,524.0
9565,475.0,449.8
8080,660.0,645.5
4288,545.0,455.7
9535,450.0,402.1
9497,460.0,488.2
4739,390.0,457.6
66,610.0,486.1
4902,450.0,499.4
618,750.0,603.2
7203,205.0,361.1
13161,300.0,457.0
12187,545.0,429.8
803,460.0,584.3
9575,460.0,486.3
4058,510.0,570.2
3976,540.0,461.5
7914,540.0,487.8
4865,660.0,569.6
13992,380.0,370.0
10244,280.0,313.9
13648,570.0,556.6
4653,688.0,624.8
8800,470.0,501.7
5075,420.0,448.3
798,364.0,377.5
4876,450.0,437.0
7780,400.0,441.7
14436,590.0,518.4
11265,412.0,505.4
6844,535.0,570.6
8882,600.0,488.3
5827,520.0,450.6
13610,550.0,509.2
5317,450.0,516.1
8673,390.0,393.4
13555,430.0,408.9
8743,488.0,460.7
650,441.0,493.6
1161,350.0,386.2
12076,450.0,523.7
8600,350.0,491.6
6397,265.0,285.6
6456,375.0,398.9
3119,650.0,533.6
11404,680.0,535.3
10429,350.0,353.8
6751,580.0,492.5
1403,627.0,510.5
3829,470.0,502.4
12530,245.0,262.6
12162,450.0,470.7
12548,256.0,382.0
9355,680.0,633.1
8553,360.0,393.9
1781,850.0,550.6
12042,668.0,645.3
9138,408.0,458.2
12108,450.0,607.4
13624,440.0,501.8
4475,650.0,558.1
10710,850.0,594.4
921,450.0,463.5
5455,500.0,489.8
464,650.0,639.6
3168,420.0,440.4
11359,605.0,501.3
4129,385.0,384.2
8994,530.0,462.0
12501,370.0,403.8
8925,500.0,472.4
1101,490.0,480.7
11599,484.0,492.1
6446,442.0,359.0
4115,520.0,516.3
4981,410.0,466.6
3263,400.0,416.2
26,570.0,488.2
2566,650.0,384.5
13947,500.0,422.0
14214,520.0,552.2
11329,500.0,518.6
4644,620.0,509.8
12938,465.0,534.5
4814,495.0,447.9
1602,535.0,509.3
8368,418.0,372.5
4070,208.0,385.2
4776,495.0,499.8
2396,500.0,523.5
2339,690.0,685.5
586,375.0,340.3
3349,370.0,527.1
4893,580.0,604.4
1923,600.0,551.9
11610,550.0,509.8
10856,540.0,376.0
11651,320.0,509.8
5059,500.0,500.5
10668,800.0,574.1
9515,450.0,473.9
13143,468.0,410.2
8187,345.0,429.5
7312,600.0,519.5
13720,390.0,471.5
10773,380.0,422.2
11841,590.0,536.1
1501,400.0,495.9
3266,400.0,467.3
13351,720.0,676.4
10334,665.0,544.8
5901,450.0,430.8
12657,600.0,478.7
2785,550.0,512.0
3555,600.0,589.8
3841,730.0,584.4
6543,550.0,519.5
11485,690.0,585.0
11317,550.0,496.9
840,600.0,534.1
10355,550.0,413.8
12654,750.0,526.0
14420,590.0,570.2
4087,520.0,520.4
8556,375.0,440.6
8960,680.0,658.5
4542,500.0,608.5
6611,450.0,431.3
3293,590.0,532.5
7194,312.0,455.4
11090,500.0,447.1
3179,325.0,330.7
11771,550.0,510.5
144,830.0,648.5
73,400.0,424.1
10943,570.0,587.1
8840,400.0,469.0
12608,650.0,560.6
11234,425.0,485.7
14093,580.0,543.2
12836,500.0,466.1
9224,550.0,599.6
9225,425.0,496.7
198,360.0,579.3
5430,396.0,473.4
9362,340.0,396.1
11075,550.0,524.6
10403,450.0,430.8
8062,460.0,395.0
7349,350.0,440.2
9389,516.0,464.9
9715,487.0,564.9
5274,400.0,545.5
12594,490.0,468.9
6431,260.0,310.8
11807,590.0,564.7
631,430.0,330.0
9414,527.0,482.4
2780,450.0,490.4
10738,360.0,357.9
1845,530.0,397.6
11043,215.0,244.5
11402,420.0,431.5
9175,400.0,408.9
10229,400.0,455.3
7027,600.0,699.2
12467,230.0,282.3
6291,440.0,536.3
10023,430.0,419.3
12055,480.0,500.5
6487,510.0,503.4
10792,450.0,452.8
2142,599.0,734.9
9971,500.0,461.9
8,690.0,492.1
7939,285.0,366.0
1861,600.0,448.0
321,650.0,580.2
8412,391.0,357.9
3498,590.0,589.8
5640,534.0,497.9
10456,583.0,564.4
10117,600.0,582.9
12727,325.0,357.4
13484,470.0,494.2
9891,590.0,576.8
2444,388.0,404.7
8037,520.0,412.4
8559,680.0,557.4
3804,300.0,425.3
5096,500.0,442.3
13266,430.0,533.9
7571,425.0,413.7
2005,440.0,522.0
8321,330.0,302.1
435,340.0,408.7
14090,570.0,626.5
4359,660.0,571.2
8609,370.0,505.7
9,720.0,514.0
10851,344.0,333.3
3212,600.0,499.8
1663,500.0,492.9
3331,550.0,390.5
7516,415.0,496.1
13088,450.0,481.9
5677,450.0,439.4
4534,450.0,525.8
1775,350.0,461.5
5143,440.0,414.7
7561,400.0,404.1
9678,285.0,314.9
2861,360.0,464.3
9687,580.0,571.3
11598,670.0,523.6
3746,510.0,488.3
7171,498.0,563.0
7439,400.0,426.5
13727,500.0,529.6
18,189.0,408.4
6509,338.0,394.0
4486,680.0,475.7
7937,300.0,288.8
1924,700.0,557.7
14476,550.0,534.3
9942,730.0,649.9
6276,580.0,616.1
1872,575.0,400.9
2267,549.0,500.3
3955,475.0,545.2
3249,600.0,483.5
2698,310.0,339.9
2395,550.0,601.4
4386,650.0,556.8
2079,450.0,549.1
3706,390.0,454.9
6173,650.0,502.5
7929,475.0,448.0
8025,310.0,394.8
1075,400.0,434.2
751,450.0,345.6
9407,760.0,664.5
10727,450.0,551.2
2597,310.0,461.0
10874,470.0,439.4
10618,330.0,414.9
4150,570.0,547.3
2907,500.0,471.7
593,550.0,502.4
9655,550.0,485.0
1497,500.0,502.1
4742,460.0,517.1
2502,600.0,497.4
4629,525.0,509.7
7234,428.0,553.5
14477,550.0,539.6
12260,535.0,553.6
1523,491.0,493.4
13023,570.0,469.1
4292,750.0,645.0
2393,600.0,535.8
12882,312.0,326.9
723,360.0,340.8
647,281.0,365.6
11246,390.0,502.6
11675,700.0,563.7
4805,500.0,516.6
4789,500.0,459.5
5808,470.0,448.0
795,395.0,466.1
5161,470.0,486.2
11987,420.0,430.6
7273,400.0,507.0
5210,620.0,516.4
14173,700.0,458.5
4448,825.0,667.9
13856,370.0,501.7
6707,565.0,603.1
11745,250.0,452.1
8950,485.0,486.8
3335,450.0,697.4
5885,480.0,413.7
5813,405.0,399.3
12829,375.0,410.1
11032,320.0,327.3
12656,558.0,457.7
7908,320.0,426.2
5426,400.0,453.5
3033,400.0,383.5
2623,355.0,431.7
8654,256.0,353.1
13031,575.0,532.9
12721,575.0,631.6
5504,520.0,495.4
13298,484.0,551.2
9256,600.0,551.9
6330,555.0,376.7
4318,690.0,645.7
6413,250.0,281.4
9438,375.0,388.0
6272,380.0,372.1
8045,490.0,549.9
5046,530.0,527.1
1030,575.0,584.7
6169,485.0,594.0
6013,680.0,513.3
5501,360.0,422.7
14532,440.0,421.5
11447,300.0,406.9
1271,410.0,441.4
8409,381.0,350.1
649,498.0,507.0
14438,500.0,646.3
10327,379.0,384.7
10461,299.0,435.1
45,600.0,587.3
1198,589.0,558.6
9832,410.0,442.5
2507,414.0,432.3
484,663.0,674.8
10925,365.0,575.0
8217,630.0,618.9
10049,385.0,432.7
8852,480.0,430.9
10770,550.0,341.7
11192,380.0,466.5
7601,380.0,403.4
1768,630.0,463.5
5057,550.0,557.5
5347,433.0,506.1
6225,460.0,421.8
6589,385.0,469.0
11894,500.0,537.9
7703,450.0,467.1
3185,305.0,380.8
7058,550.0,576.4
2182,631.0,593.1
12426,590.0,557.1
11439,550.0,551.0
8981,300.0,373.4
85,598.0,559.9
14206,890.0,796.5
4704,460.0,516.2
12837,210.0,324.3
6238,560.0,526.2
13931,399.0,491.1
9375,566.0,503.7
948,470.0,477.8
7553,550.0,515.9
13513,520.0,528.8
2336,780.0,721.7
5225,570.0,522.2
14060,550.0,621.2
13590,490.0,479.7
8512,350.0,341.6
10010,590.0,602.4
2549,580.0,530.5
14376,320.0,439.3
3525,590.0,589.8
5518,550.0,475.0
112,500.0,415.4
1829,550.0,538.8
4454,740.0,677.0
5979,500.0,433.8
5668,630.0,551.7
9788,450.0,431.1
2879,400.0,478.3
3387,500.0,566.9
11516,695.0,639.7
4121,460.0,476.5
3396,560.0,557.5
4145,355.0,433.4
14429,500.0,503.7
12396,430.0,494.4
5100,625.0,567.8
1363,535.0,551.7
3744,510.0,506.9
6269,450.0,482.1
1213,550.0,453.5
809,690.0,598.7
4238,456.0,539.4
6400,415.0,383.2
4904,550.0,490.6
2449,550.0,552.7
7318,620.0,628.3
12320,350.0,596.4
10516,200.0,328.2
8856,660.0,640.2
9700,620.0,528.5
1614,640.0,547.0
6396,415.0,353.4
8238,273.0,429.6
14406,405.0,532.8
5859,500.0,519.7
4930,470.0,397.8
9213,450.0,529.1
9853,510.0,439.4
5164,525.0,573.0
2307,580.0,590.0
9783,390.0,443.1
9301,490.0,509.9
12346,500.0,611.7
796,500.0,330.6
10466,486.0,489.3
6845,250.0,387.9
3663,489.0,427.7
12644,610.0,534.8
7205,550.0,648.1
3921,400.0,426.2
5958,590.0,607.3
7731,375.0,481.0
8371,345.0,395.0
11680,450.0,488.1
756,430.0,453.6
11882,548.0,522.0
11288,700.0,493.8
941,425.0,425.7
13745,492.0,562.3
9784,420.0,455.6
4992,460.0,498.3
11074,652.0,474.4
3975,520.0,443.0
12222,550.0,471.1
4432,690.0,570.9
12296,400.0,549.4
8908,510.0,412.1
1786,500.0,395.6
7429,515.0,465.3
9506,500.0,613.3
8549,395.0,413.4
9123,459.0,478.5
5484,554.0,483.8
10839,490.0,430.8
1021,650.0,510.8
1548,400.0,644.5
5104,450.0,647.0
7732,450.0,415.8
8459,270.0,340.3
4836,430.0,471.2
10246,562.0,560.9
8199,570.0,569.7
2231,600.0,516.4
9422,335.0,477.9
1969,520.0,564.0
13051,280.0,262.1
12245,500.0,547.9
366,780.0,623.1
11023,223.0,338.4
11686,560.0,549.1
5821,600.0,412.1
2873,333.0,368.9
7301,320.0,453.3
12371,660.0,544.9
12331,500.0,498.0
12776,470.0,511.0
13903,930.0,535.2
11031,329.0,316.3
13707,690.0,668.1
14080,550.0,429.9
12783,585.0,541.7
12923,340.0,458.7
1632,610.0,602.4
1806,600.0,508.9
13943,400.0,439.9
9197,435.0,452.6
9404,590.0,540.8
613,590.0,635.6
3731,510.0,506.9
3690,600.0,539.3
13743,400.0,452.8
7441,400.0,434.0
3619,620.0,609.3
7522,320.0,392.1
9071,700.0,618.2
3319,470.0,417.2
2747,495.0,523.2
5870,430.0,421.1
9534,410.0,523.7
346,775.0,684.6
10595,500.0,446.2
11484,425.0,515.3
1947,620.0,533.6
13291,650.0,537.7
12601,265.0,388.2
13077,450.0,544.1
8647,320.0,381.6
11458,360.0,363.4
3890,390.0,506.5
6998,460.0,459.4
8038,392.0,377.3
872,500.0,608.9
1117,499.0,531.2
4738,550.0,506.9
13726,557.0,580.9
8398,600.0,507.2
8764,480.0,473.5
935,425.0,399.4
10879,470.0,516.8
10286,388.0,394.4
11731,590.0,467.8
5228,525.0,590.9
5187,751.0,770.8
12771,650.0,573.8
2743,450.0,474.7
10008,722.0,622.2
9094,630.0,618.8
5997,500.0,443.3
13944,460.0,411.7
1028,421.0,510.9
8581,550.0,517.5
2305,650.0,577.9
13810,550.0,500.7
11998,550.0,611.6
3338,550.0,544.7
13234,421.0,423.8
4811,330.0,434.5
12693,850.0,703.4
8610,320.0,367.1
7360,470.0,437.6
2612,575.0,496.1
2825,340.0,383.6
8680,495.0,467.6
9155,670.0,576.5
5300,650.0,649.2
12540,570.0,442.5
3596,600.0,602.5
4287,470.0,490.5
2953,550.0,435.6
2586,512.0,552.4
3558,740.0,580.3
14031,550.0,727.9
7411,450.0,437.0
8477,550.0,479.4
973,350.0,429.8
8043,500.0,477.7
3667,680.0,578.0
5905,550.0,557.1
1834,350.0,428.5
6283,545.0,561.0
11897,540.0,618.4
3075,430.0,415.7
8084,590.0,541.0
5229,450.0,549.9
6723,400.0,447.2
5466,345.0,477.0
104,300.0,391.3
2257,600.0,593.9
9464,300.0,382.3
1027,575.0,546.3
5131,625.0,496.4
11575,360.0,412.4
14098,400.0,683.9
3194,315.0,324.0
2055,600.0,433.8
4214,550.0,595.9
6522,560.0,458.4
3983,395.0,462.5
3749,510.0,506.9
6266,306.0,468.3
13495,485.0,469.5
3476,650.0,553.5
1057,320.0,376.4
12968,385.0,411.5
8737,500.0,406.7
6559,344.0,352.4
4345,680.0,647.4
12574,390.0,369.1
12029,830.0,725.8
7484,480.0,518.2
1842,470.0,498.9
2451,640.0,531.3
10092,292.0,353.2
12354,340.0,419.1
5453,500.0,396.8
6841,650.0,550.9
14274,770.0,614.0
6010,310.0,442.8
8618,263.0,328.5
3726,510.0,506.9
10326,359.0,375.5
6680,465.0,477.3
4343,353.0,460.6
8322,370.0,533.4
8086,440.0,454.2
2601,630.0,541.2
6155,570.0,592.4
3165,370.0,439.2
8751,335.0,428.1
9468,655.0,651.5
5834,738.0,478.5
2585,575.0,541.8
5889,445.0,459.0
11917,300.0,395.6
1190,405.0,371.8
5646,790.0,728.1
8114,500.0,585.0
9792,400.0,474.6
2394,480.0,464.3
14056,680.0,637.2
396,420.0,432.0
1849,440.0,495.7
8703,535.0,483.2
13342,520.0,457.5
10854,580.0,473.9
7119,380.0,530.4
10532,420.0,452.9
7110,600.0,637.6
11569,540.0,489.9
13053,500.0,523.7
4676,600.0,507.5
13578,375.0,378.4
9016,585.0,462.3
13897,540.0,508.7
10734,350.0,417.5
6691,405.0,449.7
10824,515.0,517.8
6038,675.0,494.2
6011,700.0,653.5
13917,550.0,485.8
1515,393.0,430.8
3560,555.0,558.1
9503,300.0,425.0
13280,563.0,464.0
6849,670.0,595.0
11235,365.0,430.7
367,800.0,558.2
7755,420.0,433.8
11512,580.0,454.4
3132,450.0,488.1
9352,500.0,508.5
3803,325.0,431.6
2040,380.0,452.3
5588,550.0,643.5
9241,327.0,382.3
5126,575.0,477.1
10815,530.0,423.7
10216,600.0,518.4
7851,396.0,436.8
972,450.0,503.3
9608,335.0,383.7
4353,610.0,476.4
474,338.0,371.5
13140,680.0,531.8
3982,500.0,533.4
3392,550.0,423.9
7195,320.0,571.0
10886,550.0,517.9
5555,450.0,545.6
8388,480.0,498.5
13857,480.0,512.4
1699,640.0,577.2
10239,400.0,447.2
11333,420.0,512.4
7915,400.0,489.1
9803,375.0,323.4
10982,435.0,384.1
2087,730.0,393.7
8850,335.0,409.1
2543,570.0,536.1
6743,590.0,445.3
13601,650.0,568.2
9934,400.0,473.2
5920,480.0,379.9
12609,600.0,467.6
8803,480.0,475.2
6506,430.0,390.3
1100,500.0,619.9
3227,400.0,420.0
519,900.0,810.9
7994,650.0,550.8
2082,650.0,632.9
5508,650.0,635.4
9096,420.0,420.2
10141,843.0,699.9
420,880.0,759.0
10173,335.0,388.9
9066,430.0,394.1
9307,613.0,627.5
12257,450.0,512.7
14503,359.0,466.1
3899,390.0,495.5
663,400.0,486.4
2000,450.0,413.6
5336,430.0,450.1
3747,510.0,506.9
7479,400.0,450.6
13302,500.0,468.2
1033,600.0,514.1
6994,695.0,674.4
5195,517.0,520.8
12669,730.0,498.8
11555,435.0,521.0
2971,385.0,371.4
8723,371.0,445.3
12692,641.0,637.5
6455,240.0,278.3
5910,500.0,437.0
13124,439.0,419.5
2125,520.0,468.6
1450,550.0,484.7
12339,480.0,520.1
10288,455.0,519.9
11950,400.0,447.5
2043,400.0,390.0
10227,640.0,512.1
12271,580.0,572.5
9716,600.0,554.6
9313,500.0,518.4
6516,450.0,444.1
1784,800.0,658.8
3729,300.0,563.6
8133,490.0,466.2
9545,405.0,460.8
6667,290.0,359.3
9072,475.0,479.5
13057,365.0,421.0
9640,450.0,520.0
4604,360.0,363.5
12389,375.0,544.5
6540,597.0,461.1
12131,550.0,441.8
6058,400.0,479.9
8026,310.0,377.7
4936,520.0,544.2
9322,500.0,581.0
7293,625.0,695.5
1933,500.0,425.4
1401,382.0,493.9
9963,400.0,463.6
3192,530.0,475.0
10587,480.0,565.0
12415,520.0,554.7
4424,900.0,568.1
4987,485.0,546.4
14101,450.0,499.3
11189,250.0,473.8
3162,450.0,488.8
11488,460.0,468.0
102,515.0,536.8
10917,600.0,500.6
13695,351.0,455.3
8483,500.0,415.0
11127,497.0,448.1
7099,550.0,531.5
292,590.0,567.4
12258,690.0,625.4
2105,385.0,455.5
12087,436.0,512.9
14247,425.0,427.8
9479,500.0,483.8
11752,830.0,490.0
13331,280.0,473.5
14379,365.0,354.6
3637,900.0,680.3
8612,390.0,408.4
6949,300.0,412.9
10313,395.0,416.3
5600,780.0,773.7
8548,550.0,506.6
3397,310.0,468.0
10787,450.0,459.5
4254,830.0,754.6
13078,310.0,372.6
12696,370.0,319.0
12675,425.0,421.6
5805,490.0,467.4
9672,620.0,663.9
11172,525.0,405.8
3067,339.0,330.8
576,550.0,549.4
4685,560.0,578.2
12180,600.0,598.7
10103,550.0,497.2
11618,385.0,482.2
2171,550.0,520.4
11231,335.0,494.6
13680,380.0,464.5
11727,630.0,484.3
11201,517.0,450.5
9775,450.0,578.3
4896,570.0,576.4
2255,730.0,716.2
3601,620.0,602.5
11717,450.0,527.8
1496,550.0,545.0
7038,760.0,540.9
2966,400.0,469.3
6582,550.0,520.6
1931,990.0,641.9
13894,498.0,453.6
1413,364.0,391.4
12798,400.0,422.2
4546,430.0,395.5
10269,490.0,493.5
1172,360.0,471.9
14142,710.0,677.2
7499,500.0,449.4
14021,502.0,580.7
5638,390.0,557.0
6401,250.0,321.0
2484,550.0,557.0
2504,420.0,465.7
4464,480.0,418.3
12155,420.0,432.8
1276,800.0,549.1
12128,400.0,495.8
2235,650.0,649.5
5221,642.0,614.9
12516,430.0,423.5
7949,370.0,357.1
1623,610.0,640.0
6036,550.0,515.5
942,325.0,411.9
6264,540.0,515.4
4674,550.0,512.5
11543,440.0,425.0
5701,465.0,457.3
5931,372.0,482.9
3742,340.0,406.6
8192,400.0,443.8
1339,550.0,526.6
4823,200.0,421.0
6084,510.0,517.6
12425,550.0,528.4
9779,350.0,378.1
7740,440.0,434.0
13733,605.0,501.7
8434,475.0,534.4
9855,350.0,466.1
13170,620.0,554.8
5737,750.0,630.6
3839,490.0,491.6
2030,700.0,655.7
9922,450.0,412.2
6209,495.0,603.1
13698,350.0,402.3
7253,370.0,497.1
11089,550.0,452.1
11530,315.0,420.0
4796,800.0,702.7
2600,420.0,548.4
2651,500.0,622.5
3696,550.0,573.8
2775,500.0,497.2
2218,400.0,451.0
8871,460.0,454.1
463,900.0,702.3
7372,420.0,408.9
8708,448.0,501.2
752,360.0,368.1
6113,520.0,563.0
5930,620.0,568.2
554,340.0,319.4
13990,430.0,425.7
8240,347.0,390.8
13319,350.0,448.7
401,550.0,586.1
10415,399.0,400.9
10912,485.0,433.0
13801,320.0,420.8
12174,640.0,491.7
14100,320.0,474.0
330,750.0,561.2
7670,650.0,587.1
6462,480.0,408.1
1064,310.0,384.9
11711,580.0,557.5
3439,450.0,536.7
199,505.0,516.0
4027,450.0,456.1
12782,600.0,509.1
2488,500.0,525.8
7121,420.0,490.8
12250,500.0,509.5
5916,420.0,451.8
11665,515.0,500.0
14378,290.0,412.2
4224,640.0,564.6
10315,420.0,435.2
8399,680.0,598.5
3339,650.0,555.1
2080,650.0,544.6
6353,400.0,521.0
1040,450.0,433.0
3430,570.0,509.5
11323,403.0,416.5
11167,480.0,511.1
6472,478.0,479.4
12170,410.0,483.0
5601,485.0,543.0
11174,500.0,402.5
3358,455.0,439.5
4109,225.0,513.5
13787,460.0,460.3
9736,500.0,568.4
13871,505.0,455.1
4264,470.0,537.6
1593,510.0,560.7
13878,470.0,482.1
4403,1000.0,570.3
13772,555.0,567.3
7673,250.0,491.3
14259,990.0,711.9
96,295.0,429.7
7769,350.0,403.1
10884,559.0,558.9
7303,540.0,545.9
12421,490.0,554.4
3191,360.0,374.6
4048,312.0,404.1
11913,475.0,486.4
3176,351.0,351.5
6240,383.0,479.2
60,360.0,369.6
10730,400.0,422.6
729,430.0,453.2
11107,489.0,521.2
7600,328.0,391.5
8565,450.0,476.0
13885,300.0,357.0
3001,250.0,374.7
5382,500.0,442.8
10087,320.0,360.4
5106,430.0,452.9
1561,425.0,575.0
6258,350.0,420.6
2739,550.0,500.1
1493,698.0,537.4
8195,265.0,395.1
5020,590.0,575.7
6267,355.0,477.4
3928,290.0,366.6
10329,570.0,440.9
2627,650.0,641.4
6869,530.0,528.1
9306,750.0,593.4
4266,350.0,528.3
6059,650.0,633.2
966,375.0,365.1
3149,335.0,299.0
4437,725.0,685.2
4638,650.0,603.2
11424,460.0,470.5
7934,550.0,511.4
10476,430.0,440.1
13104,890.0,561.4
12211,500.0,484.0
10572,350.0,693.4
13911,630.0,564.7
2737,550.0,454.8
439,500.0,579.0
12586,468.0,523.8
5450,600.0,550.7
3620,620.0,609.3
11513,480.0,493.0
13759,250.0,323.6
4989,521.0,570.5
14145,700.0,691.9
10859,480.0,526.7
10646,590.0,560.3
7193,370.0,444.0
12235,340.0,431.3
13300,456.0,487.2
492,630.0,622.8
12537,380.0,404.6
9133,463.0,459.0
14084,420.0,505.7
50,270.0,458.5
10705,470.0,425.3
7280,200.0,418.3
1228,475.0,550.0
4005,474.0,438.2
1693,650.0,567.6
10220,550.0,450.6
11720,390.0,441.8
4132,300.0,374.6
6958,660.0,533.0
12653,478.0,525.0
11156,424.0,374.3
13785,420.0,415.5
11190,595.0,515.8
12842,370.0,292.0
6970,600.0,605.4
12994,600.0,562.5
10975,350.0,296.3
1197,589.0,523.4
2888,555.0,516.2
9427,680.0,666.3
14498,600.0,591.7
14324,355.0,529.0
2136,460.0,489.7
14295,500.0,418.2
13353,514.0,503.6
13702,240.0,446.7
3657,485.0,433.1
13603,450.0,469.6
2308,550.0,550.4
13371,366.0,732.6
4840,800.0,656.5
3895,390.0,504.7
6311,500.0,514.0
9536,550.0,514.5
6755,420.0,393.7
12325,636.0,563.1
3252,498.0,489.1
4147,630.0,629.7
9312,400.0,468.9
10559,800.0,583.0
2815,560.0,519.3
5107,599.0,519.8
9238,419.0,596.4
7285,360.0,465.0
6439,275.0,273.4
2822,500.0,480.8
1258,400.0,567.6
4661,250.0,362.0
14434,310.0,442.9
6620,490.0,468.9
3697,525.0,547.7
7518,400.0,472.8
14156,395.0,537.7
3467,750.0,469.8
1631,680.0,587.8
2159,780.0,598.3
11495,390.0,482.1
911,360.0,352.0
11151,555.0,519.5
5050,350.0,489.7
14337,550.0,541.1
12649,450.0,469.5
3523,590.0,589.8
1332,500.0,491.4
12553,400.0,543.2
13260,330.0,345.8
11625,385.0,466.3
7820,332.0,373.9
4577,600.0,612.9
2010,550.0,504.8
9013,370.0,398.3
564,360.0,345.2
648,650.0,531.8
2782,375.0,356.1
10888,402.0,382.5
2172,650.0,529.7
10145,471.0,400.8
5845,376.0,388.8
8539,680.0,525.0
2232,750.0,638.5
12566,420.0,416.2
6898,450.0,467.5
11258,560.0,401.5
591,375.0,298.0
4914,635.0,535.4
1051,485.0,479.9
13106,390.0,412.9
11920,380.0,531.9
11889,600.0,535.4
1241,435.0,446.3
3993,384.0,411.9
2032,400.0,413.1
13660,755.0,576.9
11168,450.0,435.7
10855,590.0,531.1
11758,550.0,531.7
3512,590.0,589.8
8561,630.0,607.3
7443,650.0,544.7
11183,690.0,640.6
5399,650.0,510.4
8738,450.0,390.8
10704,520.0,433.2
10954,474.0,403.7
8898,400.0,452.7
1985,640.0,623.4
9615,515.0,473.2
14219,360.0,436.0
9451,331.0,414.3
3041,600.0,470.7
11762,410.0,436.0
13641,401.0,460.0
9886,434.0,428.4
4852,485.0,426.2
2170,475.0,539.4
2516,480.0,522.8
634,790.0,597.5
11191,630.0,550.8
5327,411.0,435.4
6593,375.0,416.5
1646,470.0,476.0
13378,450.0,507.2
8835,320.0,354.9
11155,398.0,376.2
6005,363.0,431.4
7157,435.0,471.1
1119,500.0,522.1
10037,700.0,663.4
1508,480.0,431.5
4284,650.0,627.2
2466,180.0,524.3
13755,620.0,508.8
13600,880.0,543.2
7957,380.0,341.6
12469,375.0,379.3
8672,375.0,392.3
8780,545.0,528.0
5996,310.0,359.4
11956,320.0,406.4
11984,500.0,512.9
1512,355.0,414.7
1038,600.0,563.5
14073,500.0,539.2
4790,590.0,619.0
4272,280.0,455.1
5285,450.0,476.3
6545,480.0,433.8
8517,482.0,564.0
6650,480.0,509.7
6046,440.0,482.3
3171,470.0,417.5
9815,550.0,547.9
2462,795.0,668.9
10273,450.0,427.0
10240,400.0,398.1
4835,450.0,458.8
5461,525.0,431.3
702,600.0,536.5
4592,700.0,594.2
5452,380.0,381.6
12596,400.0,443.2
9649,395.0,498.4
8411,450.0,389.5
8695,400.0,464.2
9434,324.0,374.4
197,695.0,612.0
2094,400.0,433.3
656,342.0,453.2
12557,400.0,421.8
12009,530.0,456.7
14047,843.0,653.1
5736,420.0,392.5
10071,330.0,391.9
1852,753.0,527.2
10077,400.0,481.0
12052,480.0,422.7
2710,750.0,530.8
7050,420.0,498.2
5207,554.0,484.7
1123,560.0,619.0
3122,650.0,604.2
14377,400.0,375.4
12044,690.0,522.7
9003,395.0,406.1
3787,600.0,575.4
5817,450.0,417.7
3654,430.0,480.6
12949,460.0,445.7
6029,450.0,411.6
7970,440.0,443.3
8853,650.0,635.4
1503,650.0,509.4
7478,500.0,537.8
11433,250.0,445.6
410,490.0,510.7
8997,600.0,447.5
3129,304.0,367.6
389,410.0,524.2
10771,300.0,467.2
13258,265.0,327.4
2378,750.0,608.5
12950,240.0,346.6
9840,330.0,485.2
509,900.0,847.7
6132,422.0,413.8
3330,510.0,431.5
3708,850.0,614.4
13275,459.0,452.1
13483,400.0,511.6
8936,550.0,576.9
311,500.0,467.6
7298,323.0,536.9
13147,500.0,538.3
4071,490.0,424.1
12538,460.0,485.2
12348,440.0,431.6
1750,700.0,589.5
402,565.0,608.6
3205,290.0,420.5
1688,250.0,477.3
1251,590.0,569.2
7047,530.0,594.2
3036,500.0,611.6
5078,440.0,465.5
12433,270.0,484.1
143,510.0,522.0
10680,760.0,507.9
5728,500.0,537.6
4245,550.0,464.5
9577,650.0,666.0
10582,719.0,567.6
9061,450.0,395.9
13021,580.0,628.7
2124,450.0,424.9
12445,490.0,458.4
14399,528.0,446.6
12534,430.0,432.5
7951,700.0,374.1
1169,450.0,452.2
7633,450.0,511.5
14343,499.0,550.0
9268,530.0,473.5
4764,730.0,716.4
3992,490.0,491.8
6250,435.0,414.1
4502,540.0,561.4
3730,537.0,532.9
1517,325.0,549.8
9802,450.0,412.5
4049,530.0,477.9
2712,420.0,483.4
7659,350.0,308.3
10508,360.0,391.4
7173,970.0,731.6
71,560.0,545.2
1709,391.0,525.0
2227,730.0,723.2
6910,900.0,667.7
3673,200.0,482.6
13684,580.0,546.5
8788,550.0,574.1
782,670.0,575.1
12330,350.0,471.9
1206,430.0,389.3
9234,300.0,424.2
1524,475.0,532.4
12238,420.0,582.2
12966,425.0,440.3
13422,450.0,442.4
3972,420.0,430.1
6208,325.0,386.9
511,720.0,558.8
13425,515.0,587.8
2102,450.0,562.4
3376,545.0,483.1
14069,840.0,669.4
1070,391.0,407.0
3907,600.0,554.9
11822,750.0,693.4
5868,400.0,410.7
669,351.0,351.5
7554,560.0,555.9
2407,300.0,483.6
13948,520.0,401.6
12114,460.0,471.2
1329,500.0,465.1
12324,470.0,517.6
13474,360.0,386.9
5448,385.0,423.9
4837,595.0,507.8
2829,486.0,473.3
5891,480.0,528.9
14267,455.0,443.2
2490,320.0,383.0
4259,404.0,345.8
3576,915.0,602.4
11529,500.0,621.6
7634,380.0,394.2
8843,450.0,551.5
9554,380.0,444.2
10566,740.0,695.1
13211,400.0,428.1
10764,650.0,473.6
9491,500.0,485.7
3602,620.0,602.5
11835,478.0,460.0
14072,650.0,555.1
3699,401.0,447.4
6473,390.0,446.8
3024,475.0,430.9
10146,570.0,564.9
12209,410.0,427.5
7821,600.0,541.9
9724,295.0,368.6
2809,470.0,438.7
9403,540.0,447.2
3456,549.0,426.4
7297,870.0,739.5
1570,630.0,574.6
8948,600.0,532.9
7958,660.0,470.1
1378,540.0,501.2
4882,494.0,516.1
3055,350.0,405.0
4729,350.0,449.3
5072,610.0,399.7
9627,337.0,401.2
2701,500.0,389.0
5048,500.0,518.2
12207,453.0,408.3
11817,495.0,489.1
7728,475.0,469.2
9851,520.0,486.5
1511,640.0,603.5
6772,320.0,484.3
13656,428.0,559.2
92,536.0,495.0
6832,535.0,577.2
7012,500.0,467.0
13356,375.0,527.1
13195,470.0,461.5
7226,700.0,544.1
225,340.0,325.5
7244,650.0,622.5
8804,550.0,551.6
6533,450.0,500.8
9354,575.0,552.4
12715,400.0,372.6
11340,380.0,374.5
7232,520.0,524.0
4863,550.0,500.8
13169,350.0,452.1
249,675.0,590.9
5765,450.0,525.1
13036,640.0,637.0
7830,430.0,439.5
11456,449.0,502.1
8465,420.0,395.6
1710,650.0,530.3
3300,500.0,521.4
11341,330.0,473.3
14225,500.0,446.6
12367,430.0,381.2
10438,590.0,538.4
4418,500.0,583.1
2521,550.0,543.5
3186,400.0,466.4
9664,616.0,617.7
724,425.0,449.1
3556,900.0,569.6
6562,385.0,387.6
7583,364.0,403.2
12297,582.0,450.8
2445,450.0,475.9
13282,555.0,560.4
630,350.0,286.8
3337,550.0,510.1
10275,600.0,492.7
766,520.0,425.5
13004,350.0,429.5
7581,310.0,366.3
4931,480.0,499.9
8296,330.0,424.6
2225,780.0,768.0
7396,502.0,452.6
13428,450.0,501.0
3945,530.0,419.2
1971,390.0,467.1
12512,300.0,351.0
12813,455.0,500.2
12017,504.0,524.5
6699,480.0,528.6
14410,450.0,546.4
7493,340.0,372.8
2593,480.0,492.5
10230,400.0,421.9
13013,550.0,628.3
4528,460.0,507.3
10407,545.0,494.7
3489,590.0,589.8
7182,700.0,583.7
8275,525.0,500.1
6583,414.0,546.8
3220,400.0,465.5
4499,600.0,548.2
828,500.0,438.0
1916,650.0,554.8
13002,549.0,545.0
1749,650.0,487.7
4316,600.0,613.2
7107,400.0,390.8
12337,530.0,527.6
1446,490.0,439.7
541,900.0,682.0
13945,380.0,404.3
8537,320.0,357.9
3006,510.0,493.5
8376,238.0,409.7
12777,610.0,674.1
2640,550.0,494.3
10681,340.0,472.1
6524,310.0,354.3
357,350.0,408.5
12113,320.0,596.6
5473,550.0,553.5
7341,245.0,319.3
14227,420.0,489.4
14241,690.0,594.0
9596,660.0,515.8
3125,410.0,437.3
8890,670.0,605.5
11016,280.0,341.8
1418,600.0,495.6
6504,500.0,453.9
11092,321.0,330.1
12676,425.0,587.2
1445,595.0,580.2
1263,600.0,599.5
3725,510.0,506.9
2608,562.0,582.9
8023,469.0,407.8
1600,500.0,492.9
14068,525.0,475.1
9270,506.0,618.9
4331,800.0,581.2
125,535.0,421.7
3856,548.0,539.8
882,427.0,532.2
10660,500.0,623.8
11585,586.0,611.4
7655,445.0,473.4
6453,250.0,286.6
8962,415.0,422.9
1103,440.0,436.5
11392,450.0,518.8
2038,490.0,552.9
3450,550.0,449.0
13717,520.0,491.3
6610,480.0,413.3
2595,650.0,557.8
2322,465.0,497.5
719,550.0,450.4
7071,550.0,576.7
8746,570.0,589.9
14345,320.0,394.7
12036,500.0,471.3
6382,555.0,549.3
10533,400.0,390.0
14548,450.0,402.5
10989,530.0,496.7
9007,430.0,445.0
7248,500.0,608.1
5015,550.0,613.3
11591,400.0,541.0
775,600.0,586.4
154,650.0,609.0
2287,500.0,549.6
1575,495.0,421.3
29,660.0,663.8
6799,400.0,489.0
13929,903.0,631.9
8987,500.0,460.5
9738,650.0,636.2
13671,460.0,437.2
4860,450.0,585.9
12402,410.0,442.9
9353,490.0,489.3
10877,520.0,534.5
4059,520.0,492.3
9332,325.0,354.9
566,360.0,383.5
149,540.0,499.8
9243,535.0,514.7
2778,450.0,478.5
2191,620.0,599.4
10935,410.0,415.9
3031,440.0,446.7
13055,750.0,620.0
12227,500.0,457.6
818,338.0,374.7
5462,342.0,407.9
2369,600.0,534.7
14275,621.0,527.5
10633,560.0,562.3
2514,995.0,765.3
10579,470.0,502.0
10725,475.0,493.9
720,490.0,442.5
7682,500.0,491.7
1459,584.0,513.3
12541,250.0,330.6
14152,450.0,422.5
5627,675.0,596.5
116,700.0,568.6
9452,280.0,404.3
740,540.0,440.8
6140,330.0,433.7
1362,550.0,492.8
12111,500.0,554.9
7123,470.0,597.5
9770,415.0,479.4
6491,390.0,457.6
12807,450.0,496.4
13827,420.0,491.9
7650,439.0,411.9
1531,600.0,664.3
7907,310.0,371.5
11428,275.0,353.8
2967,500.0,516.2
3791,550.0,535.0
12698,462.0,379.2
9418,460.0,422.8
3203,500.0,426.2
8508,390.0,418.3
7782,380.0,467.7
13814,580.0,549.5
8383,650.0,561.0
7839,440.0,408.1
11906,375.0,428.3
5687,600.0,519.4
11082,360.0,308.3
13385,395.0,401.4
9992,250.0,415.7
1080,470.0,446.3
7621,555.0,546.8
4579,350.0,525.0
9799,300.0,452.6
12145,500.0,513.4
4197,360.0,376.3
12904,675.0,543.4
6044,365.0,376.7
12533,430.0,397.3
4046,515.0,514.6
6241,400.0,449.4
4692,560.0,593.0
238,700.0,613.6
4894,750.0,619.4
12487,245.0,241.0
7352,420.0,454.0
3743,510.0,509.5
11939,400.0,573.3
5345,450.0,560.0
11847,560.0,485.1
7850,370.0,382.5
8178,490.0,530.6
10015,350.0,428.4
2890,350.0,413.2
6376,530.0,451.1
12894,370.0,454.9
8081,430.0,418.2
10155,380.0,471.9
7422,450.0,415.3
2075,590.0,526.6
10108,650.0,556.8
9499,370.0,543.9
12460,525.0,390.2
11120,325.0,459.0
3012,408.0,440.2
12240,450.0,548.6
13798,450.0,443.7
8306,450.0,605.2
7751,498.0,414.8
11821,525.0,455.3
1059,500.0,517.1
1510,700.0,529.9
12780,450.0,492.8
8877,535.0,525.2
14136,460.0,440.8
1109,500.0,487.2
11794,420.0,430.3
5734,420.0,549.9
7036,450.0,477.1
5717,180.0,426.9
6315,518.0,494.4
12800,250.0,425.4
9393,500.0,758.7
10151,340.0,417.9
2551,300.0,589.8
6360,480.0,407.7
13261,405.0,442.2
13884,385.0,355.8
11679,500.0,401.0
9790,490.0,390.3
6307,450.0,559.2
5824,383.0,452.0
14357,570.0,597.1
8073,448.0,446.5
13040,590.0,573.0
5413,275.0,408.7
1139,395.0,485.6
10971,280.0,458.5
2193,540.0,490.0
1086,470.0,441.0
9038,345.0,397.3
8932,723.0,731.6
871,450.0,530.7
2403,460.0,571.1
12973,510.0,464.8
3949,400.0,400.3
1065,365.0,385.1
5211,423.0,469.9
7765,450.0,372.6
4408,400.0,429.1
12156,300.0,516.5
3226,535.0,431.0
1757,650.0,648.1
11656,420.0,430.6
8146,410.0,462.1
10096,400.0,409.4
4522,650.0,605.4
14091,499.0,462.6
13449,395.0,447.8
7856,350.0,454.6
12684,400.0,463.7
6580,500.0,524.4
5237,620.0,536.6
11083,440.0,503.2
13240,500.0,564.0
8874,335.0,422.2
10237,439.0,402.6
11064,400.0,379.9
2095,600.0,542.1
3724,510.0,506.9
797,595.0,552.4
10059,460.0,433.7
9109,330.0,485.4
12831,365.0,469.3
12839,430.0,414.4
14121,450.0,488.6
11298,470.0,376.2
6372,450.0,549.0
1857,350.0,439.7
3120,429.0,373.0
5613,450.0,588.5
6647,450.0,543.7
5047,440.0,411.0
3759,486.0,485.1
13900,465.0,503.9
3710,830.0,700.4
5775,595.0,619.0
11196,430.0,394.0
10396,400.0,400.8
13932,400.0,423.5
2908,430.0,425.2
12787,570.0,484.5
2045,567.0,539.7
10316,380.0,485.5
12511,250.0,265.0
12201,600.0,590.6
490,350.0,413.1
1466,500.0,387.9
12010,575.0,467.3
8640,330.0,410.1
11748,450.0,466.8
1655,620.0,527.1
12471,375.0,399.5
10530,429.0,464.9
350,510.0,524.0
658,860.0,616.1
9665,430.0,495.3
9099,500.0,412.5
2946,590.0,512.5
6694,391.0,409.8
4675,395.0,387.1
13246,742.0,611.5
9857,365.0,404.4
8285,500.0,457.3
9981,500.0,492.7
5197,600.0,487.3
9336,435.0,433.4
8387,311.0,370.0
8864,500.0,501.7
10277,420.0,448.6
652,430.0,457.6
8054,550.0,426.2
13859,465.0,547.0
738,360.0,286.1
1588,610.0,528.3
11525,350.0,475.8
11661,600.0,469.0
1577,590.0,535.7
4189,630.0,501.8
4886,680.0,556.9
9430,364.0,429.6
3449,415.0,463.3
9463,410.0,442.2
1865,371.0,452.8
7945,350.0,360.6
5643,690.0,653.0
7647,450.0,397.0
4015,390.0,375.7
12480,500.0,437.1
8808,469.0,454.7
10021,550.0,417.4
1286,590.0,569.2
10472,650.0,429.4
12139,350.0,438.1
6561,485.0,507.5
14195,680.0,647.9
13188,550.0,472.3
7150,518.0,497.6
5610,575.0,540.7
7742,420.0,448.4
3049,570.0,482.8
14371,400.0,433.0
1559,500.0,531.0
13358,800.0,577.9
1668,580.0,557.6
1257,510.0,489.4
8332,480.0,445.6
4647,550.0,566.2
13957,500.0,475.3
498,400.0,649.9
10992,550.0,470.7
1720,467.0,494.9
1717,560.0,538.9
3677,430.0,579.6
3224,600.0,500.8
11237,380.0,445.9
4404,600.0,560.6
1954,820.0,643.2
13424,555.0,546.4
11227,595.0,526.8
1395,750.0,547.5
4186,650.0,523.8
10790,373.0,433.4
8652,500.0,484.2
9613,550.0,436.4
5389,550.0,413.0
975,427.0,469.9
10148,435.0,368.2
7695,350.0,421.3
11695,425.0,423.5
3431,492.0,467.9
6795,200.0,346.4
4010,310.0,375.8
2344,537.0,504.7
11358,510.0,469.9
2951,508.0,494.2
5703,780.0,696.3
13938,500.0,469.8
7204,350.0,392.9
13163,560.0,402.0
5783,350.0,413.9
10380,510.0,463.4
3672,430.0,428.5
9614,570.0,489.2
808,550.0,541.4
13116,490.0,462.0
3842,448.0,463.2
2477,400.0,570.5
597,630.0,575.3
7665,480.0,465.2
13954,460.0,459.6
12806,650.0,549.0
11158,720.0,632.0
12404,730.0,598.7
3679,550.0,538.2
1558,550.0,501.6
4648,650.0,550.5
7912,310.0,340.5
2455,840.0,606.7
10706,440.0,457.1
3591,550.0,626.4
10613,400.0,492.6
2325,450.0,475.3
12470,329.0,319.9
11916,660.0,581.3
10948,330.0,365.2
7262,500.0,551.2
2127,390.0,452.5
2961,550.0,488.9
13950,530.0,405.4
930,482.0,498.8
11193,600.0,516.8
13766,390.0,456.2
7859,370.0,424.8
5831,575.0,521.5
10997,570.0,477.6
8830,330.0,352.9
8152,410.0,413.9
7534,415.0,414.5
5400,750.0,564.3
12754,480.0,493.8
8455,550.0,524.3
12013,470.0,494.3
10052,600.0,562.9
3914,450.0,492.6
9140,550.0,479.4
10193,415.0,433.8
846,590.0,569.4
728,750.0,565.9
5681,500.0,476.7
8072,490.0,441.5
9877,510.0,468.7
1566,645.0,534.4
1697,400.0,473.4
281,800.0,637.5
3038,410.0,502.3
13355,467.0,508.7
12699,525.0,522.3
14118,584.0,689.0
11802,540.0,607.2
12081,570.0,575.3
6066,400.0,428.7
12234,450.0,474.3
11926,640.0,588.9
4666,463.0,581.0
8269,680.0,675.2
11991,680.0,491.1
6332,600.0,546.0
7346,678.0,609.7
9278,560.0,460.1
3018,475.0,355.2
3996,550.0,476.1
13329,520.0,455.1
7206,500.0,590.2
10184,315.0,402.6
9874,590.0,528.4
8518,313.0,372.6
2570,564.0,502.3
11576,360.0,424.9
3429,570.0,478.4
2988,440.0,509.4
2002,539.0,522.5
8181,375.0,426.3
8569,350.0,402.4
9510,454.0,466.9
1095,325.0,425.8
7259,400.0,442.5
2997,460.0,426.7
7520,380.0,526.2
11077,480.0,533.4
10674,400.0,465.6
1336,600.0,468.3
2319,660.0,581.0
11184,435.0,409.0
7611,475.0,424.8
821,380.0,615.7
9358,350.0,527.1
11723,600.0,565.0
9349,650.0,597.6
5973,465.0,473.5
8749,450.0,502.5
10493,460.0,402.5
12852,500.0,565.6
7960,350.0,339.4
11993,475.0,437.8
1746,600.0,521.6
355,690.0,549.8
13396,567.0,635.8
10640,555.0,494.2
9696,455.0,528.4
4020,550.0,490.2
8704,565.0,496.3
3232,380.0,404.9
0,540.0,468.2
12812,550.0,646.0
11767,425.0,429.2
14333,421.0,524.7
8772,500.0,489.6
8265,485.0,435.8
3253,600.0,501.2
11119,540.0,465.1
5474,600.0,529.5
14340,400.0,412.5
11224,350.0,367.1
7101,690.0,563.7
1841,525.0,584.9
7192,420.0,471.4
9117,700.0,709.0
11974,710.0,615.3
1180,470.0,578.3
11698,450.0,535.7
7797,425.0,460.2
4294,415.0,464.1
7431,590.0,460.1
3275,450.0,381.7
3939,650.0,536.3
9263,300.0,402.9
5779,530.0,644.9
11345,490.0,387.5
13584,350.0,468.5
13966,400.0,405.0
10267,500.0,596.1
9472,655.0,599.9
7840,367.0,358.8
6273,480.0,502.5
6207,380.0,458.0
2964,440.0,426.1
11417,427.0,538.6
13872,480.0,456.7
11918,380.0,428.7
12525,235.0,273.0
446,700.0,738.2
7888,550.0,530.6
2149,557.0,652.0
11050,400.0,478.7
4601,510.0,486.0
11884,590.0,587.0
6936,550.0,477.4
2260,540.0,477.7
2816,480.0,444.2
10065,500.0,549.7
8571,390.0,396.3
3463,550.0,499.4
243,435.0,419.8
6598,200.0,470.4
4721,450.0,570.3
10300,455.0,514.6
11212,386.0,525.4
2062,658.0,622.1
12358,430.0,449.4
9884,550.0,476.6
12353,460.0,448.7
11044,315.0,302.0
12888,350.0,424.6
7340,310.0,349.2
9809,560.0,489.5
7734,455.0,457.5
13862,520.0,417.2
5543,490.0,483.3
10147,310.0,369.0
11785,599.0,598.3
2531,500.0,515.6
12393,600.0,596.6
4309,720.0,513.6
2456,620.0,574.3
1265,595.0,526.7
13575,400.0,415.5
2155,680.0,553.4
4358,810.0,677.4
2902,420.0,422.5
10620,775.0,637.8
8467,500.0,485.2
4726,700.0,555.2
11049,310.0,407.6
727,466.0,512.2
345,405.0,468.4
5675,590.0,540.2
1300,500.0,545.6
11876,570.0,572.2
11933,500.0,471.8
5704,685.0,517.7
14070,623.0,618.2
4861,560.0,549.1
2641,650.0,552.6
13626,383.0,448.8
9876,450.0,418.4
14534,510.0,567.9
10918,510.0,498.0
6157,400.0,432.2
5577,550.0,544.9
4244,550.0,478.4
13343,600.0,526.2
12820,510.0,472.3
7279,590.0,540.1
6897,610.0,556.0
10067,385.0,407.5
481,663.0,668.4
8076,470.0,536.7
7103,695.0,605.8
1773,700.0,538.5
4481,900.0,714.0
7433,570.0,428.9
4276,645.0,590.1
3781,690.0,634.0
10569,640.0,626.1
10560,760.0,716.1
5696,600.0,596.6
2169,335.0,417.1
4530,350.0,444.4
1824,525.0,390.4
889,553.0,531.7
2784,464.0,556.4
4533,400.0,476.2
2376,550.0,498.2
5166,580.0,536.8
6227,300.0,355.9
3625,770.0,601.2
12412,480.0,532.1
681,500.0,546.2
1019,390.0,448.4
6756,395.0,400.8
11871,390.0,469.4
6728,380.0,443.1
1626,550.0,579.1
4539,411.0,493.3
3136,800.0,435.4
1237,640.0,580.1
8671,367.0,407.8
1262,650.0,668.4
4122,510.0,508.1
13159,350.0,453.9
5872,490.0,450.5
43,1050.0,707.6
898,437.0,538.4
7565,313.0,442.5
12508,280.0,340.1
763,440.0,455.2
12610,490.0,461.4
945,351.0,339.1
13268,430.0,546.3
4717,600.0,544.5
13985,480.0,501.7
414,550.0,643.1
10218,550.0,469.4
10799,425.0,532.3
11565,310.0,453.1
6681,490.0,387.4
6739,450.0,449.9
4119,550.0,491.6
7549,350.0,394.3
8929,700.0,474.0
8131,600.0,562.9
9391,390.0,463.7
6802,430.0,402.3
12495,570.0,568.2
6015,645.0,576.1
4346,540.0,620.0
12859,500.0,588.6
8389,380.0,377.3
7128,690.0,653.5
9730,450.0,485.2
11160,435.0,507.4
1889,530.0,435.0
4009,470.0,561.8
5471,770.0,565.7
10819,350.0,319.1
13097,530.0,468.9
7231,450.0,525.6
11466,650.0,471.0
5367,387.0,457.4
2433,387.0,374.8
9844,500.0,541.2
135,750.0,564.8
1435,500.0,490.2
9552,500.0,449.0
1960,600.0,600.9
1962,585.0,471.0
2985,400.0,448.9
1645,450.0,470.6
811,345.0,311.4
5288,585.0,536.3
5892,470.0,489.0
13165,380.0,432.8
10979,408.0,403.9
13722,590.0,561.0
13468,417.0,421.9
10731,408.0,408.4
4510,390.0,498.1
35,390.0,436.5
10027,500.0,573.1
9424,750.0,644.5
4612,690.0,583.7
3849,400.0,433.2
5782,495.0,560.6
1385,790.0,760.4
4985,400.0,536.9
1914,480.0,478.9
14391,465.0,415.7
8696,475.0,405.6
6279,610.0,562.9
11394,472.0,377.1
1665,360.0,509.2
1617,820.0,667.4
14336,600.0,497.5
2340,530.0,520.8
7211,571.0,459.4
4883,410.0,372.1
5985,525.0,537.5
11140,400.0,402.2
4911,620.0,705.0
7250,630.0,673.7
955,460.0,482.9
9918,400.0,552.9
12395,650.0,601.4
3274,423.0,433.7
2233,450.0,483.9
13415,520.0,447.0
13583,282.0,319.6
583,357.0,479.5
12075,400.0,372.4
10072,500.0,325.7
12220,400.0,428.2
8529,580.0,380.7
4573,700.0,633.9
13390,370.0,407.8
13187,390.0,483.0
4125,480.0,488.5
9409,535.0,373.4
12473,230.0,291.5
3341,500.0,618.7
8132,350.0,354.8
5651,410.0,353.5
473,663.0,702.7
3121,500.0,452.7
3000,550.0,469.7
5691,411.0,588.2
9564,470.0,509.1
2984,495.0,438.5
7930,320.0,295.2
5733,590.0,513.4
4381,500.0,539.9
3933,430.0,451.4
2423,397.0,506.8
9674,380.0,489.0
8706,790.0,398.4
9559,699.0,708.1
14470,650.0,437.1
792,420.0,365.1
13970,480.0,412.2
6341,335.0,377.1
255,700.0,694.2
824,640.0,489.1
1592,580.0,551.4
9359,680.0,684.5
131,590.0,656.5
964,450.0,467.6
9854,550.0,477.8
10214,380.0,392.6
4656,780.0,616.7
7645,490.0,435.7
4559,410.0,395.5
13043,341.0,407.7
1712,689.0,672.0
12927,440.0,394.9
3452,350.0,461.6
10318,450.0,454.8
9599,545.0,525.4
11949,440.0,432.9
10621,535.0,536.3
2732,420.0,436.3
9872,500.0,528.3
12902,256.0,361.8
4927,338.0,414.5
13203,450.0,455.9
4402,580.0,600.4
1649,535.0,513.5
11713,425.0,450.2
107,500.0,663.9
12040,250.0,407.4
10483,350.0,401.5
10589,653.0,575.0
10478,430.0,423.6
4347,870.0,602.0
4097,520.0,526.7
6489,250.0,384.3
9757,400.0,544.9
202,481.0,554.4
5433,400.0,462.5
12429,700.0,597.3
12205,420.0,458.3
12879,470.0,461.4
11011,550.0,477.4
6609,360.0,375.4
1430,1120.0,568.3
6009,350.0,441.4
2574,580.0,567.3
2738,320.0,394.4
294,570.0,641.2
14082,500.0,597.8
4980,600.0,689.9
8063,435.0,424.4
4075,380.0,401.9
6983,328.0,381.8
4582,980.0,575.7
12885,520.0,575.6
9980,480.0,467.7
542,580.0,539.0
505,625.0,626.1
4634,645.0,540.2
4077,380.0,363.8
6249,400.0,428.9
1738,550.0,566.8
2485,642.0,591.4
8074,406.0,401.2
9365,545.0,515.0
2692,548.0,533.9
6051,595.0,582.0
3177,450.0,464.8
5053,800.0,546.8
13377,350.0,268.2
1096,500.0,504.1
14521,530.0,393.3
12564,520.0,571.8
3283,320.0,367.1
6669,300.0,383.0
8675,500.0,509.9
10596,415.0,536.5
4515,580.0,552.4
8457,400.0,486.0
14412,650.0,504.1
12738,400.0,388.3
10299,600.0,603.2
2841,450.0,453.7
11255,450.0,448.4
8621,750.0,663.3
3495,590.0,589.8
1460,640.0,568.9
13534,510.0,479.8
10923,600.0,582.4
1527,350.0,467.4
549,900.0,804.8
870,570.0,553.1
9186,600.0,593.0
8789,365.0,404.6
10025,530.0,589.3
2093,520.0,475.2
8906,350.0,469.9
9088,470.0,492.6
5434,630.0,548.5
1628,435.0,503.3
10628,455.0,435.4
11790,660.0,579.8
2836,460.0,480.9
5454,690.0,547.5
8595,360.0,394.3
2764,378.0,375.7
10623,700.0,587.5
13907,385.0,501.0
10295,295.0,536.8
1069,435.0,490.7
9996,359.0,443.6
6128,460.0,443.3
3818,515.0,521.6
5937,300.0,398.6
7766,450.0,527.2
4305,560.0,633.2
11406,350.0,418.5
218,550.0,444.0
4338,600.0,562.3
9379,510.0,450.3
12287,520.0,498.3
4636,360.0,496.0
6891,410.0,463.2
6957,330.0,456.4
3946,340.0,344.5
12744,560.0,542.9
3208,595.0,437.3
3863,345.0,390.6
11125,500.0,406.1
13267,660.0,494.2
10085,500.0,468.7
4057,365.0,534.6
4388,650.0,524.1
6116,375.0,341.8
14457,650.0,549.6
6766,390.0,472.1
13233,498.0,455.6
8136,570.0,491.9
4315,650.0,641.0
9467,523.0,514.4
14108,530.0,605.0
6924,570.0,438.0
2388,550.0,504.1
2870,345.0,314.6
4855,630.0,533.8
6529,450.0,376.2
55,520.0,515.7
5708,580.0,577.2
13138,535.0,506.9
11681,600.0,519.9
4807,700.0,635.2
13301,470.0,495.3
6630,450.0,458.9
6679,350.0,355.7
11736,634.0,572.7
688,625.0,566.2
11030,530.0,457.0
1838,551.0,502.7
4227,350.0,452.1
14303,500.0,552.6
5851,430.0,411.1
8978,535.0,524.9
1167,380.0,396.9
4905,545.0,558.3
7242,565.0,554.2
545,360.0,326.8
629,450.0,476.9
256,600.0,568.0
3608,620.0,602.5
5642,690.0,653.0
11827,700.0,668.8
7805,495.0,499.2
2410,830.0,707.1
11454,400.0,430.1
13297,500.0,415.0
6082,525.0,563.3
1576,460.0,544.8
6014,320.0,443.5
11078,430.0,456.9
8578,340.0,410.1
12319,501.0,528.3
9714,750.0,656.9
12549,300.0,403.8
4080,355.0,392.7
191,325.0,334.5
13048,500.0,401.2
486,663.0,643.1
13283,500.0,415.0
623,670.0,625.5
6358,450.0,559.5
3470,550.0,530.9
12056,600.0,628.6
7257,505.0,534.7
10785,300.0,361.3
6640,440.0,425.1
12193,550.0,524.1
638,300.0,511.1
3646,425.0,467.1
6339,589.0,597.7
878,630.0,545.9
605,510.0,553.9
7347,390.0,369.7
8173,530.0,473.5
2545,495.0,456.1
11421,371.0,491.5
13420,360.0,529.2
6750,410.0,366.5
12843,460.0,473.4
937,466.0,481.4
210,580.0,530.9
1701,430.0,500.8
3103,325.0,395.3
8128,560.0,480.5
8832,750.0,600.7
6495,465.0,487.9
13802,380.0,396.9
7118,500.0,517.6
9335,500.0,508.0
14339,511.0,529.2
5871,370.0,417.7
12708,430.0,437.1
7098,540.0,635.3
13646,550.0,523.7
12903,370.0,465.8
2872,570.0,491.4
8090,360.0,444.1
1433,475.0,381.3
2858,340.0,450.0
12627,460.0,444.5
10445,271.0,323.2
6235,305.0,463.0
13369,395.0,436.0
5509,720.0,609.9
3915,425.0,568.3
13816,570.0,569.5
9701,450.0,591.5
1196,450.0,454.0
9897,495.0,448.8
7287,650.0,606.9
6041,400.0,404.5
12379,360.0,459.6
9812,560.0,515.5
4286,460.0,553.4
12664,450.0,463.4
13531,385.0,384.9
9801,480.0,521.7
1032,415.0,473.9
11047,330.0,454.2
12493,545.0,566.9
13976,390.0,401.3
14452,600.0,598.8
12590,469.0,489.2
5747,595.0,706.9
3306,650.0,575.7
7218,260.0,392.7
3351,390.0,453.2
13018,590.0,449.0
9745,450.0,539.1
10110,609.0,466.0
1093,398.0,387.1
899,600.0,627.5
8305,540.0,475.5
2681,400.0,471.2
8344,390.0,471.8
13776,375.0,469.9
13956,370.0,331.3
2786,600.0,456.5
8118,450.0,483.9
3960,577.0,480.4
6381,468.0,473.0
23,360.0,374.9
13865,510.0,476.1
403,400.0,631.4
3501,590.0,589.8
6937,180.0,546.3
11737,380.0,412.1
11754,450.0,468.6
1669,550.0,598.4
13084,735.0,555.3
7735,550.0,467.9
2411,360.0,571.0
11397,690.0,655.5
513,500.0,502.6
5002,400.0,504.3
6324,342.0,390.2
13754,600.0,576.0
13889,405.0,437.1
10101,480.0,447.3
2400,660.0,655.6
12795,575.0,632.1
2766,500.0,495.4
10442,390.0,486.9
4504,380.0,511.5
7910,310.0,350.8
621,470.0,472.4
1905,355.0,430.2
2635,525.0,572.5
7147,650.0,534.4
11494,400.0,465.3
12941,450.0,469.3
12855,540.0,479.9
8896,600.0,492.7
9100,395.0,463.4
9019,500.0,478.2
9176,373.0,577.2
13376,450.0,405.3
6419,550.0,470.6
3280,500.0,453.1
8343,476.0,416.5
8196,370.0,427.3
3408,500.0,462.0
82,868.0,787.5
5114,550.0,555.0
173,490.0,417.6
2341,570.0,546.1
4881,368.0,417.0
14178,680.0,602.8
6317,500.0,475.4
10837,510.0,432.7
1748,450.0,453.4
8740,450.0,512.9
83,470.0,479.2
7708,530.0,440.2
2987,295.0,399.5
9588,400.0,473.0
8365,565.0,501.4
4107,520.0,515.7
7874,338.0,291.1
13085,445.0,507.1
3695,525.0,547.7
315,470.0,453.4
13519,455.0,506.9
14363,650.0,504.6
11781,685.0,691.2
7419,375.0,464.9
6426,350.0,372.8
9304,545.0,553.2
12286,630.0,589.1
14185,1000.0,583.7
4872,500.0,483.5
10079,397.0,618.7
8678,500.0,457.6
10914,620.0,661.0
5424,500.0,386.6
11276,530.0,513.2
5850,500.0,509.8
132,595.0,552.1
3700,425.0,543.5
1281,400.0,456.4
5535,555.0,515.7
5068,550.0,432.4
13706,460.0,392.0
12284,550.0,630.5
11173,695.0,498.5
2189,895.0,659.7
9753,650.0,526.0
4409,550.0,530.8
9022,670.0,502.7
9881,450.0,509.3
10755,470.0,393.3
14132,550.0,459.7
10916,380.0,533.5
8525,580.0,386.8
5797,699.0,686.8
1526,500.0,462.7
9390,573.0,554.5
10276,450.0,428.2
14238,600.0,571.4
1885,500.0,534.0
5083,460.0,512.2
1056,600.0,459.4
3792,500.0,560.2
10427,359.0,424.1
12078,300.0,464.0
5242,700.0,455.3
4034,373.0,375.9
13784,450.0,522.9
2748,500.0,593.9
2185,450.0,615.2
8645,360.0,399.5
7276,576.0,537.3
5082,590.0,521.6
11446,430.0,460.2
11301,435.0,353.3
8303,680.0,680.7
7183,357.0,447.3
353,600.0,719.1
3545,380.0,388.5
5262,510.0,535.8
2234,553.0,619.2
212,585.0,489.1
1999,550.0,514.8
9892,400.0,472.2
11435,640.0,574.0
14033,395.0,490.8
1843,420.0,434.0
11541,410.0,477.2
9410,328.0,415.9
12345,433.0,498.6
4803,315.0,498.5
3401,471.0,512.7
1488,530.0,429.0
9731,400.0,515.8
5963,487.0,440.0
6398,400.0,463.9
1165,450.0,436.2
4873,600.0,602.4
940,351.0,362.3
10563,750.0,661.8
12350,710.0,633.9
8942,530.0,542.1
9601,360.0,376.2
10703,425.0,465.9
2137,450.0,468.0
11701,650.0,493.4
6538,552.0,465.8
8336,500.0,468.1
9629,435.0,456.5
10366,450.0,433.1
453,360.0,353.6
9101,691.0,686.8
9541,650.0,639.9
8150,430.0,544.2
3828,420.0,544.1
378,640.0,579.1
10349,480.0,482.4
7268,550.0,505.9
11900,700.0,689.7
9926,340.0,399.8
7088,580.0,519.2
4932,426.0,483.0
5101,570.0,542.9
341,700.0,695.5
12037,320.0,443.2
2383,780.0,730.7
226,720.0,609.5
9188,380.0,450.8
5243,420.0,445.2
10109,600.0,537.5
2552,400.0,456.0
13873,430.0,408.7
3980,440.0,418.2
11008,321.0,330.4
8956,520.0,546.7
4417,530.0,534.3
4616,470.0,358.2
3853,475.0,538.0
11324,257.0,338.7
11883,400.0,463.9
14242,500.0,606.8
2787,450.0,437.5
6961,500.0,500.9
6365,450.0,568.0
8432,360.0,410.3
1222,460.0,436.2
6514,399.0,464.1
5990,480.0,492.3
233,590.0,614.4
10328,389.0,425.4
19,350.0,466.7
2913,513.0,464.5
12695,730.0,516.9
14024,690.0,526.0
11058,397.0,379.1
11726,440.0,467.6
7941,178.0,332.1
7739,502.0,406.9
162,620.0,647.5
1961,410.0,553.6
14320,500.0,503.1
10405,530.0,423.9
8216,300.0,330.9
1053,600.0,490.0
587,635.0,429.0
12965,315.0,421.7
4101,520.0,526.7
3852,730.0,616.6
2734,420.0,561.3
7733,388.0,428.9
10401,400.0,423.9
12685,525.0,521.9
5253,650.0,522.6
7272,560.0,599.9
5110,640.0,657.4
4832,433.0,479.5
5036,320.0,430.5
8289,305.0,390.2
8717,530.0,451.5
8444,345.0,347.4
3145,600.0,480.3
13320,560.0,478.5
1860,280.0,391.0
3355,550.0,595.8
12913,450.0,564.7
11285,430.0,449.1
9219,960.0,645.3
11244,480.0,433.5
1468,450.0,464.4
11510,338.0,415.4
6738,540.0,477.5
7428,385.0,476.4
10804,360.0,378.9
1137,470.0,450.9
2111,690.0,555.5
3629,500.0,604.3
3954,365.0,549.4
8435,343.0,371.5
5170,500.0,540.6
13999,750.0,767.6
2382,560.0,521.5
10844,445.0,493.4
3066,339.0,380.0
10122,590.0,537.5
8965,440.0,429.0
13822,400.0,524.6
7722,400.0,388.6
9769,340.0,465.5
13363,632.0,585.9
369,520.0,545.7
6221,350.0,434.4
5978,489.0,471.9
13721,560.0,490.0
450,700.0,563.5
13989,400.0,479.7
12127,550.0,521.1
10707,327.0,423.3
552,330.0,565.1
8120,450.0,436.3
6617,318.0,350.0
8972,470.0,472.3
5377,396.0,516.5
8005,469.0,407.8
14191,420.0,468.3
6613,280.0,326.7
992,450.0,431.0
7808,460.0,428.6
3258,440.0,464.7
1293,475.0,499.5
10645,405.0,472.5
7741,440.0,425.1
11692,550.0,454.8
11788,520.0,455.5
8156,550.0,395.8
8083,575.0,537.8
8267,630.0,568.2
9276,475.0,447.2
3488,550.0,470.0
1376,475.0,381.8
11624,550.0,511.7
8922,535.0,629.4
4178,640.0,554.0
1582,665.0,681.2
12931,460.0,441.1
4273,700.0,644.1
13000,470.0,387.4
14260,550.0,606.9
3702,525.0,568.2
9181,430.0,467.5
982,600.0,567.0
13934,380.0,442.5
5819,529.0,468.7
8379,400.0,399.5
1254,580.0,493.3
3013,380.0,454.6
10653,390.0,424.9
13659,420.0,457.8
9529,620.0,516.2
9045,631.0,600.4
12817,400.0,534.5
1120,700.0,633.8
4458,615.0,537.0
11270,565.0,470.0
5,570.0,507.2
7199,560.0,588.8
3633,750.0,748.0
7631,360.0,408.1
7541,550.0,487.3
13403,466.0,484.8
7187,450.0,451.5
9504,500.0,494.1
6777,555.0,516.0
11672,325.0,432.4
13614,448.0,489.2
8184,450.0,426.3
13413,485.0,342.0
5352,695.0,560.9
13249,350.0,494.8
2264,394.0,494.0
13783,600.0,566.3
11710,430.0,470.9
13740,690.0,663.1
5252,820.0,559.9
1131,526.0,418.6
8735,299.0,491.2
10165,400.0,442.7
11682,520.0,485.5
14067,455.0,477.2
2321,525.0,537.2
11322,420.0,469.1
8234,470.0,497.5
7485,460.0,441.4
2221,480.0,459.2
2052,360.0,429.4
2642,570.0,669.3
12524,290.0,253.2
12946,786.0,693.2
909,410.0,444.3
11725,375.0,419.5
11562,490.0,580.0
5013,600.0,621.6
8047,600.0,593.8
6167,499.0,534.1
11844,660.0,592.8
8255,550.0,657.0
8893,593.0,623.2
2108,510.0,492.3
3929,360.0,461.1
7681,450.0,459.7
14065,410.0,466.8
11252,651.0,517.5
3432,580.0,486.6
7864,450.0,467.2
10270,250.0,328.0
11207,475.0,441.9
12089,500.0,435.8
7482,395.0,418.5
4325,457.0,567.4
2878,690.0,519.6
13904,535.0,500.6
680,250.0,492.3
1925,386.0,389.3
10608,449.0,466.3
713,450.0,498.6
7535,400.0,389.2
8402,510.0,521.1
2850,350.0,449.2
7607,500.0,540.8
3674,850.0,651.2
12742,420.0,426.4
12264,628.0,553.4
5777,525.0,572.6
13081,380.0,457.0
13069,460.0,528.9
6501,525.0,475.4
1499,400.0,454.9
5894,440.0,469.1
6993,674.0,577.8
550,790.0,566.9
1431,510.0,410.9
13430,375.0,378.3
1907,600.0,525.2
1076,390.0,454.3
12447,520.0,476.8
13510,398.0,509.2
9549,390.0,442.1
12668,550.0,570.6
13688,440.0,435.0
12506,800.0,492.6
9728,490.0,485.6
7404,480.0,459.0
7449,450.0,404.9
13909,350.0,408.7
7141,430.0,400.4
3117,550.0,470.2
12266,680.0,569.5
2175,570.0,594.2
8163,520.0,495.1
1301,297.0,366.1
1439,425.0,580.8
5069,400.0,368.1
8197,340.0,482.7
12711,450.0,407.6
2123,875.0,702.5
5067,589.0,579.4
4289,720.0,529.4
11170,470.0,408.3
3130,750.0,475.2
716,318.0,437.1
11408,480.0,431.1
1269,340.0,426.0
14355,400.0,398.5
11460,350.0,430.2
13206,499.0,492.4
3974,490.0,445.0
13011,400.0,426.2
10473,400.0,517.1
7716,362.0,433.0
6876,580.0,527.9
3621,430.0,468.5
1544,560.0,444.8
2909,539.0,532.3
5485,520.0,466.4
4203,380.0,380.3
2630,200.0,384.8
11806,550.0,531.3
3237,550.0,439.0
7445,380.0,458.6
10106,325.0,414.5
14111,704.0,630.2
12961,490.0,494.9
13544,680.0,646.9
11614,560.0,510.5
4819,450.0,476.3
2188,490.0,569.2
8586,380.0,443.9
690,620.0,650.3
13892,440.0,420.2
7924,338.0,335.0
5286,680.0,583.1
5368,420.0,402.4
3821,750.0,629.0
1509,650.0,560.9
924,395.0,409.6
9867,439.0,460.2
9964,490.0,451.7
4242,685.0,543.3
7398,405.0,402.9
10163,450.0,521.1
4531,350.0,419.4
11056,550.0,514.1
14405,580.0,515.6
4862,340.0,490.0
4476,400.0,425.2
4060,530.0,502.7
9200,390.0,418.7
6951,225.0,525.5
2596,600.0,600.2
6268,448.0,395.6
1970,475.0,446.0
4706,685.0,732.5
7869,525.0,513.2
12288,490.0,470.9
13072,480.0,526.0
773,430.0,494.6
6714,390.0,520.1
6,400.0,537.8
518,890.0,645.9
8241,348.0,428.5
6664,520.0,512.8
397,328.0,418.0
9008,333.0,456.0
998,435.0,444.7
9553,505.0,436.1
7606,480.0,483.8
8057,595.0,611.2
6121,460.0,406.8
11477,580.0,553.0
11045,320.0,305.8
3967,500.0,491.7
2609,561.0,573.6
13215,480.0,408.5
5542,250.0,471.9
8033,595.0,520.1
14352,600.0,596.1
8720,650.0,517.3
11060,670.0,499.7
13644,450.0,502.5
14489,550.0,519.6
7459,350.0,449.9
9201,500.0,532.5
2363,700.0,597.9
12363,590.0,600.9
9251,499.0,496.6
3462,850.0,558.6
6298,450.0,420.5
6511,510.0,444.8
10394,365.0,423.6
204,650.0,633.4
7043,450.0,526.5
5942,450.0,416.9
9196,576.0,482.9
7720,520.0,494.3
7178,450.0,511.4
10745,380.0,455.5
13405,270.0,321.9
2779,430.0,398.1
3261,420.0,455.2
516,550.0,566.3
11649,500.0,516.6
4370,650.0,449.5
7074,550.0,561.9
3548,410.0,471.5
5671,465.0,526.3
3053,650.0,698.1
7020,550.0,597.5
8157,600.0,598.1
1472,1000.0,751.5
5482,650.0,457.6
7858,554.0,481.5
4173,330.0,370.7
9248,200.0,522.5
14269,620.0,624.7
10624,560.0,531.7
5873,490.0,491.5
10627,450.0,480.6
4378,500.0,572.0
794,290.0,311.7
11650,710.0,492.3
5284,390.0,480.3
1048,499.0,435.9
13750,509.0,486.4
6677,374.0,407.4
5446,750.0,597.4
4327,540.0,540.8
13409,585.0,586.7
7314,355.0,463.2
4216,495.0,563.6
10999,322.0,308.1
7409,540.0,453.9
11733,500.0,457.1
12317,730.0,692.7
3213,600.0,605.1
316,550.0,523.4
7240,350.0,473.9
1049,450.0,440.7
1159,300.0,365.5
13381,400.0,395.8
11209,517.0,422.5
4045,520.0,508.2
10949,450.0,458.5
11820,350.0,455.7
4183,640.0,545.7
6242,560.0,548.2
10195,550.0,511.3
13961,460.0,421.8
10402,369.0,356.0
1868,470.0,460.1
7366,500.0,437.1
10330,410.0,380.4
12623,580.0,499.9
9445,515.0,488.8
14117,830.0,676.4
11648,365.0,449.9
13263,380.0,466.9
6948,450.0,591.3
10909,525.0,525.8
13863,320.0,282.3
14351,695.0,626.5
7544,360.0,418.6
13047,450.0,371.9
14113,450.0,429.0
10281,300.0,568.5
504,360.0,355.4
14494,530.0,531.9
1106,450.0,452.5
1205,540.0,494.6
7421,400.0,400.6
11931,220.0,573.2
6696,470.0,481.2
11975,530.0,487.5
11369,430.0,466.0
3570,650.0,636.3
9619,335.0,382.8
10120,650.0,618.7
7923,300.0,461.8
2306,200.0,425.4
11834,633.0,573.2
9295,400.0,508.6
13059,441.0,494.3
362,694.0,659.8
13074,600.0,615.4
13979,390.0,428.9
7990,450.0,430.7
4344,620.0,582.5
632,400.0,446.9
761,415.0,441.3
6171,450.0,420.3
2268,660.0,604.8
2763,305.0,327.9
2413,630.0,618.3
6512,410.0,414.4
1994,400.0,486.2
8232,390.0,509.2
11254,550.0,423.3
11782,650.0,528.4
12065,430.0,446.6
2723,570.0,603.3
9543,550.0,518.1
14229,800.0,688.0
14268,500.0,595.6
5224,695.0,698.2
3680,750.0,451.5
13225,207.0,291.5
7393,553.0,405.0
8055,535.0,489.9
2399,660.0,655.6
1854,970.0,702.6
11302,330.0,450.5
7577,395.0,392.6
4441,490.0,435.3
5460,650.0,619.7
6518,500.0,455.8
14184,500.0,542.3
10806,510.0,529.2
11299,400.0,465.6
2761,470.0,466.6
2569,415.0,435.0
3424,490.0,462.6
8730,500.0,511.4
9846,390.0,432.3
9370,680.0,671.6
4480,500.0,517.7
6810,350.0,378.0
8857,550.0,556.6
13226,500.0,385.2
13151,350.0,520.4
12365,550.0,443.8
5843,350.0,384.1
5856,500.0,453.6
5077,695.0,679.2
4727,620.0,585.5
10947,310.0,407.1
5874,382.0,460.6
7016,520.0,530.4
245,780.0,626.9
14197,700.0,574.3
4217,450.0,414.8
8198,535.0,463.3
14474,328.0,465.5
4693,450.0,420.9
5902,320.0,379.0
12700,450.0,460.6
7588,429.0,457.1
9999,480.0,525.6
12458,426.0,501.4
3864,467.0,523.7
8959,655.0,632.7
9539,540.0,523.8
1110,350.0,412.0
6166,425.0,467.6
8433,471.0,369.0
1744,700.0,509.8
11331,320.0,458.2
11659,655.0,577.4
48,360.0,333.8
12532,250.0,284.2
10104,250.0,480.9
11414,500.0,423.0
8550,295.0,395.8
4637,590.0,491.3
129,750.0,635.0
2505,580.0,592.8
11668,280.0,426.3
7440,450.0,493.7
7462,430.0,449.6
12572,490.0,574.3
1469,510.0,503.5
12279,590.0,534.7
8761,380.0,497.5
318,550.0,523.4
14217,730.0,518.1
10121,570.0,546.0
5201,620.0,529.3
12970,385.0,547.9
394,422.0,547.7
5212,620.0,611.2
1116,500.0,504.3
1337,550.0,539.7
5318,510.0,488.1
10111,260.0,384.3
10414,450.0,432.5
7348,450.0,479.8
7699,400.0,446.3
8122,370.0,465.9
3025,423.0,430.4
13028,550.0,521.7
382,450.0,524.7
4389,540.0,554.4
11560,470.0,488.6
2771,460.0,570.2
5898,425.0,389.0
12085,560.0,594.0
381,400.0,499.0
4633,600.0,582.5
2134,590.0,464.0
5162,350.0,542.0
14170,690.0,613.9
9628,415.0,444.2
5316,498.0,455.9
510,360.0,356.2
1456,400.0,478.9
2582,790.0,636.4
2320,780.0,718.9
10511,330.0,414.2
12119,500.0,494.3
14510,680.0,648.5
12918,490.0,482.0
310,519.0,511.1
10994,375.0,303.5
11085,330.0,392.6
9527,562.0,539.8
14425,475.0,496.8
8320,570.0,504.8
7746,365.0,444.2
2374,990.0,751.4
8113,400.0,426.7
3777,365.0,396.1
12734,620.0,521.5
8385,250.0,411.2
14085,520.0,623.2
5655,600.0,561.9
8028,510.0,441.9
9862,622.0,637.4
13341,370.0,417.1
11528,345.0,485.3
6820,760.0,749.4
5373,500.0,584.0
9182,615.0,653.0
3373,545.0,470.6
9898,315.0,322.5
6037,320.0,448.1
8903,500.0,516.8
9122,420.0,438.6
12597,256.0,366.9
9589,500.0,448.7
12303,350.0,448.9
2652,660.0,621.7
328,460.0,553.3
9937,560.0,520.8
9836,450.0,553.1
10309,379.0,395.5
609,360.0,392.3
2103,550.0,475.3
2663,466.0,416.6
7705,400.0,478.8
3311,352.0,428.6
8861,600.0,581.3
8134,360.0,479.0
4617,545.0,504.7
196,650.0,648.0
6805,300.0,439.6
2042,550.0,406.6
8095,535.0,521.6
7109,450.0,510.1
8616,670.0,464.7
7375,336.0,444.6
14,450.0,475.7
10612,350.0,417.8
13852,390.0,430.8
8829,520.0,607.4
8492,550.0,533.0
14135,617.0,655.6
4575,520.0,506.7
11243,579.0,504.9
2666,500.0,410.4
7989,340.0,353.9
2089,925.0,665.6
8916,575.0,523.3
25,450.0,445.9
4543,360.0,457.3
7836,450.0,546.7
11013,407.0,335.0
14223,640.0,628.8
14411,750.0,702.9
1429,700.0,519.2
8736,450.0,503.1
7198,1050.0,758.7
148,600.0,624.1
4496,350.0,492.8
5710,550.0,563.5
2590,400.0,500.4
8662,514.0,550.8
497,590.0,468.0
3676,408.0,480.9
11319,535.0,443.3
10630,875.0,794.7
1411,620.0,552.8
9490,650.0,684.2
5702,500.0,537.6
10375,390.0,440.2
9323,640.0,582.1
1152,410.0,443.6
7003,490.0,559.5
1574,490.0,512.3
10556,410.0,454.3
13035,256.0,268.0
9774,387.0,501.5
10584,690.0,603.1
7726,473.0,407.6
13276,450.0,541.1
5766,525.0,524.4
1505,750.0,675.8
12406,470.0,504.0
1879,480.0,495.5
12461,430.0,366.6
488,360.0,427.0
3499,590.0,589.8
10102,620.0,601.4
6096,650.0,582.4
12376,480.0,499.7
1126,300.0,439.9
3487,590.0,589.8
9919,250.0,533.0
1432,560.0,556.8
13649,400.0,407.8
9618,420.0,433.2
47,690.0,636.4
12724,720.0,558.0
13576,350.0,376.9
12964,980.0,594.7
4897,418.0,448.6
1745,570.0,550.1
11500,550.0,490.6
4357,470.0,491.7
11489,650.0,610.3
13588,370.0,403.8
12449,680.0,486.2
3301,550.0,474.5
8643,450.0,420.9
1965,310.0,424.1
2625,300.0,376.4
1092,387.0,477.8
11427,550.0,472.6
1641,400.0,407.1
7013,603.0,556.4
3377,670.0,598.6
845,680.0,545.0
10054,535.0,543.9
12646,566.0,493.6
4779,650.0,567.3
12039,600.0,487.9
2977,430.0,544.4
14271,350.0,415.6
11957,385.0,572.5
13479,415.0,366.8
3655,650.0,543.3
2935,323.0,380.9
13596,260.0,303.1
8619,390.0,419.8
2915,540.0,488.7
10547,440.0,449.4
12018,700.0,656.4
8918,400.0,625.9
9495,690.0,622.7
12430,520.0,553.4
5449,600.0,461.4
10424,370.0,383.4
3250,398.0,374.0
7827,425.0,414.3
10506,525.0,509.2
843,520.0,509.7
2186,570.0,586.9
14029,550.0,598.7
11378,650.0,592.0
6560,380.0,339.7
6623,250.0,342.1
13679,470.0,507.9
8957,500.0,449.9
6773,350.0,443.6
6911,900.0,609.2
9976,575.0,572.5
2905,325.0,425.1
12866,400.0,454.9
5319,650.0,636.5
1903,475.0,463.9
9183,600.0,504.1
10432,399.0,430.5
3159,390.0,477.4
1149,420.0,409.9
10724,430.0,386.9
4937,465.0,512.3
2109,525.0,457.7
12463,480.0,395.8
10784,500.0,417.4
13690,550.0,512.2
2177,650.0,556.1
8502,350.0,380.0
9929,390.0,411.3
491,550.0,515.5
5718,550.0,539.5
3687,430.0,364.6
8825,400.0,496.0
7311,490.0,572.2
1833,530.0,603.4
786,360.0,332.7
2100,530.0,516.5
11693,325.0,418.5
8015,600.0,440.0
13592,600.0,547.6
6783,361.0,368.8
6366,350.0,416.1
11220,570.0,465.6
11297,510.0,417.8
13156,600.0,538.5
4038,550.0,449.3
12864,470.0,457.5
12956,490.0,538.0
8282,490.0,486.3
9961,600.0,470.5
279,350.0,360.2
11413,325.0,426.8
2699,520.0,513.4
14547,579.0,539.0
10832,420.0,591.6
4174,317.0,428.6
2691,600.0,607.0
8307,580.0,493.5
4919,680.0,620.7
5293,640.0,654.5
5147,450.0,337.3
661,450.0,493.5
7435,360.0,378.3
9740,425.0,475.6
6760,430.0,438.4
9485,500.0,492.7
6781,385.0,350.5
3932,470.0,388.9
13346,500.0,560.3
3296,820.0,736.0
11549,620.0,503.7
8292,588.0,596.8
5121,380.0,418.1
479,650.0,653.7
13401,450.0,481.9
8607,370.0,355.2
2510,490.0,426.5
6259,400.0,517.8
13663,690.0,667.9
6220,375.0,395.6
417,780.0,768.3
9242,450.0,520.5
291,450.0,375.7
14087,320.0,501.1
6656,595.0,547.7
12309,280.0,410.0
4946,250.0,498.2
9426,294.0,344.7
5444,810.0,667.4
13446,240.0,221.6
6787,470.0,465.3
7844,570.0,477.8
187,460.0,455.6
3096,400.0,366.2
387,780.0,541.5
8620,532.0,600.1
5991,270.0,446.2
6995,430.0,432.4
6479,498.0,505.9
1664,610.0,562.1
9303,435.0,455.0
9663,480.0,461.4
8161,280.0,422.8
2665,350.0,400.2
6388,350.0,434.5
13314,595.0,557.2
4457,550.0,335.1
1014,385.0,411.0
9026,350.0,375.2
10867,420.0,468.9
8077,600.0,525.2
10915,680.0,553.2
5302,468.0,415.2
2819,480.0,481.2
6702,475.0,538.9
11858,400.0,453.0
13262,500.0,533.4
10317,349.0,361.7
8458,340.0,384.8
4478,500.0,561.9
6405,464.0,472.8
14541,560.0,525.5
11637,570.0,461.1
10768,420.0,431.0
298,600.0,468.0
9462,492.0,485.4
12381,360.0,512.6
9043,680.0,471.8
8688,499.0,521.0
14465,480.0,487.2
3437,680.0,646.8
13433,670.0,627.8
11875,295.0,349.7
3325,650.0,654.7
5981,478.0,519.0
9787,400.0,398.0
8052,560.0,598.7
4308,480.0,438.4
579,480.0,443.8
4022,550.0,547.2
1012,380.0,448.5
8000,490.0,495.9
14338,440.0,448.9
224,720.0,569.8
1826,650.0,610.3
133,500.0,721.1
9638,270.0,576.1
5171,550.0,494.8
9432,360.0,469.9
1407,550.0,584.1
12625,345.0,389.0
7251,498.0,555.5
10119,320.0,456.5
9924,455.0,459.0
14226,425.0,489.3
10411,400.0,429.2
4382,490.0,716.5
11837,275.0,434.6
13881,320.0,458.4
3995,650.0,664.4
11857,600.0,523.3
248,400.0,493.2
8766,650.0,584.3
9287,570.0,506.8
10642,560.0,540.3
10212,360.0,332.6
4192,387.0,447.2
14074,620.0,594.1
2864,373.0,397.4
2278,580.0,586.0
8841,400.0,468.8
5944,450.0,426.9
14300,730.0,644.5
12702,270.0,247.4
8369,460.0,543.4
4866,534.0,476.8
6608,440.0,449.6
6646,470.0,464.9
3664,450.0,487.4
46,433.0,482.5
1062,340.0,391.8
7853,450.0,415.2
2165,550.0,588.3
3783,500.0,549.4
8886,500.0,533.1
5712,370.0,595.9
8543,400.0,440.5
10541,590.0,605.0
13794,570.0,549.1
1,600.0,532.1
201,830.0,659.8
14281,550.0,447.7
9384,670.0,571.0
735,370.0,468.2
3617,620.0,602.5
6251,490.0,564.7
4000,360.0,433.6
11194,499.0,520.7
1153,500.0,554.3
850,663.0,656.5
4732,495.0,430.2
4083,430.0,437.0
7809,450.0,415.0
13431,380.0,455.1
8991,500.0,538.5
1200,589.0,546.2
11007,450.0,465.1
4737,550.0,525.0
11878,590.0,568.8
13367,320.0,451.8
3753,510.0,506.9
5152,460.0,519.0
7691,459.0,366.7
3134,380.0,376.0
1399,380.0,479.4
13821,450.0,512.8
3019,600.0,605.1
5326,530.0,462.8
10154,560.0,568.7
1572,540.0,558.9
5563,481.0,508.5
4117,400.0,462.0
14014,500.0,495.6
8776,370.0,368.5
12732,490.0,449.9
1599,510.0,563.4
6430,275.0,293.9
1055,615.0,573.3
3403,480.0,448.9
13009,642.0,562.2
10906,420.0,421.2
9421,390.0,398.8
14127,362.0,432.6
11441,500.0,447.6
11035,550.0,461.9
1492,400.0,463.6
5759,500.0,571.4
14349,400.0,458.3
10371,470.0,410.7
10564,641.0,640.9
3394,465.0,558.0
12519,260.0,247.5
869,775.0,623.5
10460,249.0,427.6
493,700.0,372.3
9850,830.0,528.6
9974,575.0,592.2
14236,780.0,583.4
7804,650.0,439.6
892,453.0,538.7
8410,490.0,457.2
8905,550.0,568.9
6454,260.0,337.3
13305,500.0,509.6
1613,400.0,439.9
3369,650.0,506.8
11504,480.0,515.2
11819,450.0,562.4
4133,460.0,450.8
851,690.0,576.9
465,620.0,463.7
13204,282.0,331.2
14201,470.0,444.9
9617,550.0,580.1
3328,550.0,490.0
12122,480.0,459.0
2216,450.0,521.0
14169,730.0,673.9
5800,500.0,554.3
8648,320.0,430.5
13339,364.0,409.2
14058,900.0,479.7
13083,540.0,388.0
11623,550.0,525.2
11519,430.0,502.4
9622,360.0,448.4
654,360.0,363.7
14344,440.0,466.1
11452,700.0,468.1
4062,570.0,465.1
12914,600.0,608.3
3581,720.0,644.0
2832,280.0,459.1
1525,615.0,512.0
5884,510.0,600.4
8126,650.0,549.8
7120,470.0,598.8
9625,475.0,485.5
12103,540.0,520.7
1290,429.0,384.2
1964,800.0,573.8
466,710.0,657.5
7127,570.0,567.9
1486,400.0,410.9
11749,490.0,455.3
3535,590.0,589.8
7811,570.0,528.3
13257,200.0,468.8
6860,500.0,531.7
2686,350.0,422.2
2202,805.0,679.5
8396,580.0,468.1
12105,450.0,410.9
8355,400.0,469.5
11765,750.0,624.5
