,diff
0,118.52457353053961
1,-37.818702153585264
2,-96.39402733537383
3,-156.65266266774
4,-122.00261657948715
5,-14.334415760010927
6,-59.92195416846846
7,-45.271845971736184
8,-6.432668363812354
9,68.56531255184382
10,-68.32078636020458
11,75.33971132117517
12,42.312688060484845
13,85.90993702647268
14,67.89263307821966
15,-124.27934817791771
16,-26.134631248709525
17,62.04754740978137
18,-59.68496009580116
19,-89.0983150823165
20,-14.205212605234806
21,-133.8035947068687
22,17.364032145274734
23,80.09970927723913
24,9.423266854546227
25,79.91848127176513
26,-46.35448181820425
27,-46.52233255518951
28,-93.41907822909923
29,1.8422176262977246
30,6.620197705235228
31,69.32978207059563
32,11.120053361497355
33,-44.32662826318739
34,3.0276078970054527
35,12.127708422005242
36,-7.2849813266856245
37,-11.791003539150324
38,-10.271304481302082
39,-35.26577652699973
40,92.63868889091555
41,18.022389642890516
42,-127.61699899780899
43,-57.165894547120274
44,-14.004368327477778
45,104.58067997549415
46,-128.9780781689588
47,3.5465561817861726
48,-87.5681632023551
49,-7.4740167720859745
50,0.09976128685991625
51,-30.103565168831267
52,148.86867734830594
53,-86.73415555692259
54,-118.27138178493828
55,-244.47574624511128
56,0.515972724622543
57,-16.375997561457154
58,-10.922054123223745
59,143.8009411883358
60,0.09979831577027198
61,153.03991710348885
62,-0.3058286856193604
63,181.21788572106436
64,0.09976128685991625
65,15.234209919196758
66,-90.20106890924865
67,-17.543214380210088
68,54.36538319951717
69,-342.30001394744613
70,-13.351296808221889
71,-59.733967428146286
72,54.83514679613006
73,66.43998631505929
74,70.59399048074522
75,195.4438358658174
76,0.10011657992026812
77,-40.57056813566362
78,-17.455803911945395
79,-77.230093958868
80,167.42100070733
81,-36.92796122799382
82,4.6481422559465955
83,50.9045819121593
84,2.3659281248343405
85,30.46573409309815
86,-8.017447766674138
87,92.12783000907473
88,-176.726466224003
89,91.6172460616234
90,-48.64158002503541
91,-47.09929557215531
92,121.06658928854222
93,-64.66590471687852
94,57.42092745484865
95,-140.1626269263486
96,-33.39861055142808
97,31.110822780073818
98,-105.73439044371872
99,35.887788232102025
100,-176.02167212083168
101,-69.68654566107938
102,-54.97193550470763
103,156.61710808296203
104,-34.19656400846526
105,-72.99452793816295
106,98.72679303171083
107,48.16263754103443
108,-78.95826103513332
109,297.1298764912357
110,251.4111080247808
111,39.440974664211126
112,178.49274332647053
113,13.732856001080506
114,-72.77351048473611
115,49.13154431535082
116,-54.33901436949793
117,-32.41536129918677
118,66.29617185275708
119,34.24110909094475
120,-108.46872733173063
121,1.3626885752114504
122,195.29919306573288
123,101.80090637865442
124,-50.04162549872564
125,-33.53684823927864
126,-138.39890947892957
127,25.488059644022144
128,0.09977929107481032
129,35.824721046349794
130,-153.15884807011037
131,-20.844256946725636
132,8.659728928016193
133,29.321045915174068
134,-3.89284893179115
135,85.36422463743281
136,-86.11303469445261
137,-71.69122109600335
138,17.9587181676427
139,-32.759351725529996
140,-98.44775481110639
141,-73.5865314052578
142,41.895907359692615
143,19.640592939492706
144,-63.82556639561517
145,86.90879779549527
146,-18.379802294764772
147,43.94920057088308
148,-0.10027096604756025
149,39.59800640798392
150,78.14624694138735
151,-125.39205138835388
152,-33.49431906570595
153,26.913685006811193
154,1.3265827895597226
155,-75.6345214182374
156,53.24855880731798
157,-214.86009865878236
158,83.50870771063774
159,-2.867656026315558
160,-5.8143051140678494
161,40.728930594409405
162,53.63123879769694
163,40.09127804105617
164,12.111700754129856
165,-190.9139269010838
166,-190.80900675884436
167,30.52432544397186
168,-0.10026806784594555
169,-162.8114855006342
170,42.14413322889368
171,-82.3845726376993
172,20.161996736636638
173,-66.4237201086388
174,55.57805459805229
175,-14.696516297720166
176,53.01321381227615
177,-185.61895203046868
178,40.516271284178515
179,18.66846250342269
180,108.97864522777218
181,8.918366678790335
182,-239.9000438790207
183,-22.46215063376735
184,26.35523491879792
185,52.626540659989814
186,87.83232344689225
187,54.22129279742745
188,8.382130766744694
189,-74.53115156348042
190,-58.85658816929862
191,37.75786739442009
192,101.35275570634354
193,-41.327836040620355
194,0.09977929107481032
195,-33.249430106874456
196,49.05975700870573
197,26.000793976446857
198,5.37238850900394
199,-19.900185428731334
200,-88.557105407562
201,116.44083337915117
202,96.94767808627364
203,-74.32034501584747
204,82.42601477711582
205,31.87047089879792
206,22.870793677445135
207,-25.854779649604666
208,141.44964021714776
209,-159.8611277185321
210,41.41197708652021
211,98.48265386453
212,108.02646128793185
213,102.80125521760164
214,202.66127625983427
215,4.161015970300468
216,31.876948141550315
217,-114.50719685051615
218,0.10010647666649675
219,-168.46512430606276
220,83.35099569818016
221,-11.586744268707662
222,-187.08930839421237
223,65.32199952359747
224,66.07992569573372
225,-7.589771556522805
226,86.74522527404406
227,45.40465499322568
228,55.56933152024817
229,117.61962339303932
230,-55.566399024060956
231,-39.564858692047665
232,45.08447358575921
233,-31.399476286823813
234,184.05593109380118
235,-181.22745945829138
236,38.759374470036335
237,7.608933509478163
238,-0.09967732367624649
239,-14.040609685244249
240,-12.487409954324335
241,40.633848859679745
242,-107.57825980366317
243,11.421972707653254
244,8.222851297777709
245,-20.885685558461546
246,-48.828651539844714
247,85.22739735781897
248,38.759374470036335
249,-101.6770521523647
250,-1.3145913802749192
251,164.70466912187703
252,-71.43934977654544
253,105.2699034546377
254,101.79011968893201
255,-23.199681356019312
256,-66.59170363506769
257,-109.74236821656649
258,-147.305855757372
259,-69.7372152249593
260,-13.432925291682864
261,35.94865205503237
262,-68.37117717865351
263,-27.15250227554162
264,9.47753614883112
265,-160.8422742527256
266,-87.95261805341556
267,49.812747437509984
268,43.876313891538416
269,-70.202167936065
270,-32.88820108420725
271,29.416242223848826
272,-120.27762379080622
273,2.463857503420172
274,-20.41308887868786
275,-53.81969554158087
276,63.76923774124083
277,112.97515238454895
278,-27.98819183564416
279,120.89976860115644
280,-150.44780437828314
281,-110.72846667198957
282,-44.018604779953534
283,-4.268321683084878
284,96.68021613876704
285,-138.90404907041432
286,-49.437865900887516
287,-29.84137008492712
288,20.017071340546067
289,-68.24260571362629
290,-36.80577147634074
291,-147.63495106907635
292,-27.117048944940734
293,-0.10040291739517215
294,31.764632462146324
295,-64.41359683332672
296,-73.7886139770327
297,26.682165542040252
298,-100.58329096416816
299,-40.43075657721812
300,-6.190048253189445
301,-18.422251918709208
302,27.256677207394432
303,73.301094892116
304,-96.58145060617119
305,77.8631480754728
306,32.04034119952871
307,-103.68607029493785
308,83.82430529270613
309,-14.397960693112339
310,-205.5650679463365
311,90.53109482338164
312,40.14912107710569
313,32.47296428264582
314,-1.6747661139395404
315,-0.10026806784594555
316,25.76999931093974
317,-222.5076410880282
318,31.170012773499707
319,-131.50713978567705
320,78.18014258997891
321,-3.6904333049066054
322,-45.878013217950524
323,-46.25323942162299
324,36.32253765381597
325,-154.0067991355208
326,-13.083248242646562
327,-110.56490555384465
328,-259.02743559003125
329,-85.69516814594618
330,-10.961467063859118
331,-58.08260194611984
332,67.43771416409948
333,111.9630611668415
334,-45.02438815548305
335,-139.60505040362267
336,0.10038222388811846
337,-113.50525551722001
338,19.098604353130497
339,169.68849976645902
340,-3.8362680507977984
341,-12.570218665095922
342,-138.70503477842516
343,69.09221535417146
344,25.753651789732203
345,-166.13074340924544
346,-31.69007836755918
347,-3.2045929282728025
348,63.625396490343064
349,36.53417625015709
350,-35.129146947475135
351,14.081100996991495
352,22.245863628417965
353,-58.63881828925264
354,2.3733019838239784
355,93.14400036077154
356,-23.904567705331488
357,-217.33543860741497
358,-1.2621404444701056
359,13.8138568263862
360,47.38164561826022
361,-139.10791515691267
362,-71.67596688353126
363,91.32974174978983
364,108.69887628367496
365,-108.90080857813865
366,27.42945953406081
367,-6.221482294740213
368,-26.314029967815827
369,45.971812045087916
370,-109.90005239073457
371,-54.19977060719157
372,20.696782632427812
373,-25.432008840637536
374,62.04088111831339
375,119.61700038062202
376,-162.9601913540813
377,-69.28629477543677
378,66.28537483052821
379,73.16085455177608
380,13.720555222016856
381,124.55391541663619
382,-4.406513643285393
383,0.099980541584614
384,61.29222931550379
385,-16.453490027448538
386,2.8908704468725546
387,-237.58784200982052
388,-86.6142063360872
389,51.802528089374675
390,72.60527727454115
391,-125.5071701062642
392,147.97720308108183
393,-53.39767503267581
394,-269.3563337250247
395,30.483498923826232
396,30.284107237717535
397,30.720542157214254
398,-104.08249144349412
399,-112.38237852826046
400,-64.64723458010553
401,-5.910169563798888
402,43.851739956313224
403,110.83959268613035
404,18.832332775603277
405,-243.20873356365638
406,276.33307728889235
407,-90.33773378289811
408,-4.756904631030466
409,1.2647149953635903
410,7.590548926019665
411,22.14824511673976
412,79.57021547355589
413,27.166697537652567
414,19.698376928008543
415,-128.97520721869932
416,115.2045886984829
417,-152.05380181194266
418,-21.22128352969014
419,84.77193160213653
420,-71.3582145195549
421,-69.31518444599601
422,-146.18879763189636
423,-36.21761576288168
424,-584.0271864248806
425,71.11048247133436
426,99.32513907805742
427,-133.70158874772096
428,30.831582848074845
429,-40.25766587119699
430,-40.09992113170466
431,-108.75167029539995
432,-135.90224548761842
433,115.66240775651602
434,21.721110300859152
435,124.38252654339306
436,123.16662202991347
437,-17.455803911945395
438,-160.25932742129027
439,-18.432095060122947
440,-49.91102699346618
441,6.810787681753936
442,18.19734965914688
443,25.440371289040172
444,-5.126729617471142
445,24.21562110167872
446,124.46544290243207
447,-108.07496572470336
448,-5.912091147835071
449,73.5223420300004
450,30.60809173290704
451,-39.21448133533164
452,-224.68604156065146
453,-13.344276407630673
454,50.78231633574853
455,-58.47783304118428
456,-94.29825012724132
457,-59.6446942186476
458,-101.42415572670126
459,119.02831380298039
460,-5.799559449978119
461,-5.772976235240776
462,-123.13595182201482
463,-106.48651573746434
464,65.31380942819015
465,54.07006225276365
466,-14.03184358380338
467,6.672395534624911
468,79.04669236648874
469,-0.6695841876648956
470,134.10770789259197
471,30.711898228436894
472,63.69387001540838
473,-73.68586575240329
474,46.684637745378325
475,64.3873037586568
476,-31.84815966790461
477,-3.387316004006493
478,-222.94884354093608
479,-36.64724272498995
480,-2.230668772332706
481,96.4115636425409
482,207.1296432380948
483,-139.61206369288823
484,-485.94016993062365
485,83.79837202364632
486,-73.24852377009836
487,-42.81417303109811
488,25.913049935249433
489,-55.40356585002854
490,64.80463281638879
491,-69.7015502850366
492,-27.921801665663793
493,-3.0931564125236264
494,-62.2417567316316
495,29.612683995993507
496,40.6786158487439
497,-28.567356971618665
498,-39.84708658917248
499,5.716446888974815
500,0.09968172100377615
501,-45.0672349030512
502,42.37825134629509
503,78.00376108826379
504,-3.7651440857053444
505,-38.00771484430902
506,-1.9189348536588113
507,100.77364877292848
508,28.69622905976462
509,-136.06502311807378
510,3.7202562150816902
511,-30.193683614080214
512,-31.04755278129528
513,-59.20955890696115
514,-101.45885138123475
515,134.59298257478105
516,-172.46017382172982
517,-107.38048214195948
518,-0.10026806784594555
519,30.76206336733287
520,65.54202319338833
521,-28.802001316829887
522,-44.454267680816656
523,-0.10026806784594555
524,107.50342765589392
525,21.004306485039194
526,39.820027421562656
527,-60.461319302603556
528,16.248225385202204
529,36.80428091492138
530,-67.39355861704871
531,-91.24725119733887
532,-45.299905174333446
533,-135.5057890936016
534,67.62541552324751
535,-106.30384642661318
536,-153.07579836135608
537,6.892076769602966
538,39.06069522370211
539,-49.95348596614565
540,2.1124737132548717
541,-119.18347321009736
542,-25.798967237727084
543,38.16786618979836
544,-131.13762068474261
545,4.45910537368411
546,9.713964649660966
547,-59.841187830719434
548,-9.79727760511713
549,156.8635046864564
550,14.10905776502068
551,-18.288268420246254
552,23.145906185422916
553,46.361592459496364
554,8.36763305128187
555,-23.808342206454142
556,77.13598893001404
557,9.710426024058961
558,51.64361065227297
559,59.31903371903513
560,85.907098918656
561,-29.79450775097166
562,-163.2359344311251
563,14.081164380786106
564,-37.617278958524196
565,-72.46293852010035
566,2.8015314467801318
567,-78.6168187140272
568,-113.65263174640666
569,-38.862825035486765
570,0.0997620289946326
571,46.93854384220231
572,-3.7219809688551777
573,-118.28958740329278
574,129.59567513260947
575,-66.78584974678085
576,243.20582372448234
577,-0.19200652395858242
578,-13.370396897099226
579,21.86998063780817
580,-71.77422954322697
581,-253.44572492614293
582,16.20640092707947
583,-60.05157534347819
584,0.47486127000843226
585,86.1101101035307
586,16.837279639983308
587,18.92429262150972
588,110.37397386635979
589,-55.384445482655735
590,0.09976128685991625
591,4.985686751003357
592,118.18956098649619
593,-56.96222149729522
594,9.899569965864885
595,-11.31230424542025
596,-14.088966427329865
597,52.692762496717364
598,81.59366783521256
599,143.24816656858434
600,85.44497423474718
601,-70.61448873541411
602,-184.9277470264783
603,-11.50822262036013
604,-173.71817011408837
605,90.11797352046369
606,56.31828840951641
607,-105.32126430686532
608,-57.670787207592184
609,-51.031171223828665
610,38.20236494410034
611,-123.49547295428164
612,-43.212725814669625
613,19.593304974218313
614,-65.88089940008513
615,-73.5917481702736
616,-54.14771032837436
617,-72.33742348957503
618,4.887550964496143
619,-85.24622979265507
620,99.42918303012254
621,-31.864503575019853
622,51.6510755209963
623,-138.1877413555277
624,28.12366675707284
625,-19.171909017615917
626,15.005281978927371
627,43.10804430210146
628,-56.088652687403055
629,104.88443891224836
630,134.804860959841
631,-71.71161085610981
632,-47.28633060446214
633,128.22893082117048
634,-79.02313911714884
635,59.295098318475254
636,9.825263327668893
637,87.12195829166802
638,98.60878229905967
639,155.00994853656152
640,59.84415134677323
641,56.15821362951834
642,57.959276746740045
643,77.24059798738983
644,25.819698172392805
645,185.21476250168803
646,77.12481830407137
647,7.352065882162378
648,109.08422473301925
649,101.31105706000483
650,82.0042313733328
651,-8.501725440520886
652,-1.5365114110675222
653,20.757532818662867
654,-4.262745183047457
655,-172.5641182009498
656,-2.1044368326383847
657,238.41641846160888
658,-0.10013302947209013
659,26.02423506103628
660,10.68210066962888
661,102.72428807899416
662,0.6994793392373708
663,74.22981396695684
664,-13.649127403814646
665,0.925887603311935
666,-48.94391360765212
667,-0.10026806784594555
668,-68.9427276649019
669,-371.7501422749797
670,59.954052985894066
671,-102.79029380927182
672,-93.0612085131034
673,46.0388316264341
674,-16.922514485017302
675,-70.77690154422811
676,-4.398842475506342
677,117.93985449942772
678,119.8162644621143
679,5.774511541739344
680,-77.83133730106039
681,11.954367492484721
682,-0.10026806784594555
683,70.60265234580356
684,-92.72979259591415
685,74.74569060271097
686,-62.5744732261997
687,24.439762322813294
688,0.09976128685991625
689,-2.616930082307931
690,85.72839200693267
691,88.2901491506924
692,-33.02734402246489
693,-0.10027096604756025
694,-2.4440138560058813
695,134.07366659726222
696,-12.760688256329217
697,77.41217858021139
698,-0.3158553168534013
699,100.5379441645473
700,-1.4780367955372071
701,74.14960954124649
702,26.979860002828104
703,150.11545279432886
704,-81.91757636750395
705,-103.37050487813309
706,34.52890603388812
707,-6.28699924943453
708,169.73995084381534
709,95.04668243713547
710,-186.47618006724184
711,-0.014023607586523212
712,-48.930764668735264
713,160.8815312700924
714,42.94353384476756
715,-0.10002925435918542
716,44.78297303910517
717,-27.26489403259086
718,55.08851213703275
719,-105.15301895254095
720,-107.08318252842048
721,-158.82581303217103
722,238.02346608154238
723,61.56888453836473
724,-25.305566411551354
725,-93.34479424783478
726,47.47003684364131
727,48.2349692786093
728,0.5084208912982717
729,91.8171094190186
730,5.480698740090816
731,61.46239119785088
732,-104.55900168326332
733,-8.210760998391322
734,39.633059786683134
735,-2.6883633443495683
736,-108.74743634764332
737,7.313965348596184
738,11.790124546762172
739,19.882839014616593
740,170.46228644732145
741,-18.515745537146756
742,-197.339105874628
743,35.61278776487882
744,102.50300861669723
745,46.773154821973094
746,-150.63738175594358
747,60.98966703462264
748,-156.32292415232916
749,-19.716943236944587
750,-14.22002329606903
751,-48.930104712022626
752,-72.30827651107722
753,-3.774026335030726
754,-104.10504800878095
755,47.66822737197202
756,12.777072724526363
757,51.96655868082746
758,9.831265742166977
759,-25.066840309571432
760,95.78048684255629
761,52.92942149675082
762,48.47791048351655
763,118.07335385246046
764,-289.49618827120656
765,-162.08974421285308
766,75.25749825742167
767,71.80389512666545
768,24.41676821832334
769,25.042810813069366
770,-26.792138459998228
771,-32.46289891914398
772,0.5645165294160961
773,-38.36843197898679
774,124.45548793153489
775,57.29491082366064
776,-17.008692809168622
777,-42.16106278897212
778,-44.161096718347096
779,62.87575943106384
780,-21.218903182531278
781,-45.991651220910626
782,73.14353756547081
783,-30.744816880448184
784,155.12788341259215
785,-59.433232700182714
786,61.94539040142968
787,11.465854631335617
788,-136.71420494353782
789,-82.91588732822953
790,-119.2538105080447
791,60.57357566499218
792,-107.32507742633436
793,-40.87680485568535
794,-41.020869491377994
795,-101.37812354146945
796,-21.657892406324606
797,-13.54394548239759
798,112.70335191122183
799,-12.781505955298258
800,151.36370126938635
801,-91.19241442462851
802,-88.4973125636875
803,-3.6412577062426976
804,82.62445205259115
805,-138.4450484314865
806,139.55642967329868
807,-115.4458970807836
808,44.79159935744315
809,219.98651310221817
810,-43.866881996402526
811,94.82476464287811
812,-22.529634906370177
813,-42.059708913248926
814,-291.2512526441652
815,87.10035698331671
816,-30.57187746885006
817,49.71374120657913
818,-18.842105852087172
819,71.06864192793569
820,181.91918062845002
821,-40.23811946318767
822,67.16047151774524
823,54.81822480153471
824,-13.78378618396033
825,35.88150491983885
826,56.7042978862101
827,-13.279764232324169
828,-235.49785686489736
829,64.87426262001162
830,23.40646669795194
831,157.0384618271206
832,-0.10026806784594555
833,-121.73919335125532
834,-166.93841559907236
835,58.69145475310819
836,-395.0308302176079
837,44.44797163671319
838,-9.837436928820011
839,-6.771667880465031
840,-76.87519358576026
841,54.48250828026153
842,-179.52576476399713
843,-228.35806467117152
844,93.71688816208427
845,-12.362640684730906
846,-21.36825206109711
847,29.111523065175334
848,-38.104343320900796
849,-27.035105644685416
850,4.641104592496504
851,182.18235543172136
852,-16.383758576867592
853,-52.383280267921236
854,46.91759951732416
855,172.1436717300577
856,31.32313859581774
857,36.32878040401346
858,11.999259747659607
859,62.53156763579835
860,-29.35150498121277
861,-28.837777165880198
862,-263.40775493870456
863,-259.8984694558704
864,-100.92770056301748
865,81.32153483990567
866,-61.79689000178496
867,0.8312934377283341
868,-59.29689775486486
869,18.596005467979296
870,13.997093375568284
871,-35.51222907831732
872,-16.220908916661415
873,-75.19183367767533
874,46.59451510652775
875,137.32077615194783
876,-11.056540649099702
877,-0.02447531610994247
878,-33.03810336721284
879,160.75151849453033
880,-37.89310478718289
881,123.52741939359214
882,110.73514346058937
883,14.772610946673012
884,-154.93754481725665
885,-0.10026806784594555
886,-59.570343093989436
887,15.87105736986581
888,-152.08302674153026
889,72.20015098226031
890,0.6039941670903204
891,0.41342783358606994
892,16.16777058225381
893,8.389850295696988
894,92.98708963223817
895,-110.07098527946414
896,-222.01350949465512
897,-44.52324420445092
898,13.197388887459965
899,-0.10026806784594555
900,72.94261236815112
901,-6.800725442632029
902,-0.09957936733792394
903,44.470764220291926
904,-138.79325021335052
905,-28.242640204978613
906,-24.50474557688733
907,-45.38559023519679
908,40.10076802596825
909,71.76623620154521
910,-190.34424468906332
911,-55.96388892620439
912,102.29599762088492
913,70.16725834653869
914,48.317175048889624
915,38.46684733933449
916,16.530598837180264
917,-290.7156158375811
918,49.975266317303806
919,-53.2247803308519
920,70.17478362260965
921,22.205007748895696
922,19.120627639509735
923,32.53866325446904
924,89.9081572417038
925,-42.50115483936003
926,50.830877143181226
927,24.381821402221647
928,-1.442829391422606
929,57.44223883539786
930,-2.8981016410388065
931,89.75442560871431
932,-120.30733390211265
933,112.68219486311818
934,20.112483494611524
935,82.41948112737367
936,-44.2487760985199
937,34.77850662760767
938,-89.80880038811381
939,-24.042519418047277
940,39.9866199937797
941,-37.207794420440905
942,34.28444889535666
943,-404.0439078140239
944,134.84833588012964
945,78.99394938864543
946,-14.518600887253342
947,43.874103162261804
948,-8.186149361342189
949,-106.72903170882205
950,-27.13197058338301
951,-402.2135001811077
952,-2.793804404594198
953,18.63205432345319
954,27.625890823613133
955,-93.157897959607
956,-63.12330696067369
957,88.65082448059462
958,-0.10026806784594555
959,81.6838898980684
960,-47.44484032888158
961,139.91499284215502
962,30.384727138428275
963,2.3753629305981576
964,41.70779302212571
965,33.79089031477014
966,-155.80101619546065
967,133.7525025500193
968,-72.93964490235567
969,-7.8666226470105585
970,145.16754552813558
971,24.029333965214164
972,59.17630869849074
973,18.18699563977941
974,-45.64206259976572
975,-4.16411112122114
976,-21.4383620066003
977,-5.571833122409828
978,39.500229644781825
979,8.54713666647416
980,-16.11984666112238
981,104.24125267750298
982,100.4896245466748
983,22.386649253823634
984,-40.3188933868617
985,39.93215707648221
986,56.15833563508659
987,-56.79577836447339
988,261.54188286527176
989,129.96254778893308
990,-27.87312871197281
991,-0.7619054320124974
992,111.46436090799625
993,-17.455803911945395
994,-78.3295697323673
995,111.45070392085336
996,92.87620928154035
997,-11.957537313550802
998,38.37672040800862
999,-24.660632776674788
1000,30.9643195304522
1001,17.094587757034788
1002,5.708278384002142
1003,-18.730667521265445
1004,-66.00889932615758
1005,157.50390355648585
1006,-36.084446246213986
1007,25.821120935612726
1008,1.9127003134665301
1009,-29.849654818551016
1010,14.696899537450804
1011,-304.6288040832196
1012,-164.95907695714766
1013,-53.08678635493146
1014,-27.07814797289393
1015,107.1536581964607
1016,-1.4290868732291528
1017,16.765861378848058
1018,-30.947632792863942
1019,46.9942169650721
1020,-17.839679005776304
1021,56.66648784224856
1022,28.982182011894565
1023,29.672525758786605
1024,-20.502804889121705
1025,23.197505687442572
1026,99.30539037980861
1027,92.5888046913393
1028,-140.31084777914919
1029,27.915908976669755
1030,-73.07494126499711
1031,67.33083639303084
1032,39.96347535222469
1033,94.40924714448619
1034,40.476702886037685
1035,11.324822163442093
1036,66.4935516252624
1037,136.42707494411457
1038,-9.618111679901972
1039,-94.56679415967346
1040,-0.1001220826520921
1041,44.8490844681678
1042,46.773154821973094
1043,-62.57074691227467
1044,-171.4613974087713
1045,-76.5355639441812
1046,-19.202083493533394
1047,-95.19868857913252
1048,-140.72798124613473
1049,-59.20939330906219
1050,-33.56081277029364
1051,-177.35103927936916
1052,0.09977929107481032
1053,7.850969138683183
1054,-26.46458667128786
1055,-28.6857090235888
1056,44.15810460123282
1057,75.04475548855453
1058,-113.98494176487259
1059,28.100352036194522
1060,-14.916833277793444
1061,7.486438989883652
1062,113.6097890947832
1063,0.10018770098366758
1064,-46.86582977276743
1065,22.55072159307207
1066,53.92900705981981
1067,-65.8813877701979
1068,39.60536097148065
1069,-125.21430193296118
1070,44.402854535326014
1071,32.385649035066194
1072,-42.535827841532864
1073,108.06467783133616
1074,-60.43774965155859
1075,-72.67015192966824
1076,-69.1958239822622
1077,-168.44408713033278
1078,122.20549192599367
1079,-32.65504764725762
1080,3.6726573308550314
1081,33.43685731711821
1082,-127.67453453096118
1083,97.79079993117682
1084,87.98595345661226
1085,62.72084708289833
1086,-116.28367897355974
1087,23.788605223261243
1088,43.047146636887305
1089,-88.56671275495779
1090,72.83181945938338
1091,9.920207718033623
1092,-159.9433621129188
1093,-79.62273659749809
1094,24.237915134591674
1095,-335.3283611974331
1096,159.71666917267606
1097,140.8699374382751
1098,-44.513681069829204
1099,22.2549442729391
1100,-87.88923270486396
1101,-141.22245515295936
1102,-57.977723175885615
1103,76.55078976308965
1104,-18.1462925578993
1105,60.804435246340006
1106,23.19204087097944
1107,-22.953023825526657
1108,27.388921443296567
1109,20.01936960636027
1110,-60.945259353284314
1111,80.17362781962771
1112,-13.18227504628453
1113,132.1560135538631
1114,46.83830017881991
1115,-92.93269292489487
1116,40.78740386537697
1117,-109.82350491998727
1118,-17.19287792584737
1119,-73.18548362868319
1120,-99.52082339594733
1121,200.73285250161103
1122,20.658203628836816
1123,-82.5808364168555
1124,122.32743049680619
1125,-35.13617972322993
1126,-121.60225193747488
1127,62.07776290304855
1128,23.881108138787567
1129,94.42537231629461
1130,35.66236856435762
1131,10.36163999711215
1132,-18.53824882893059
1133,-42.459434450547974
1134,0.48412747401948764
1135,-0.10024854182432819
1136,-3.0756129939817924
1137,-119.37666280566503
1138,39.85927755030389
1139,-137.72460216725108
1140,-62.075010794907826
1141,26.054585546708665
1142,7.881034787163685
1143,1.5963969692338082
1144,13.156821722624386
1145,167.13972799080636
1146,-15.820989214234828
1147,59.881588427880956
1148,-10.237810984909345
1149,90.97858790034422
1150,93.56513754366927
1151,62.73250111573475
1152,19.370162751842486
1153,-9.096536521649853
1154,-2.0392154956535364
1155,-13.123748931606144
1156,39.01439345058492
1157,30.27563100278519
1158,71.42867305733648
1159,-31.25636112147714
1160,-55.46330487606872
1161,-123.90616630447971
1162,290.7707103209103
1163,-12.882638366404024
1164,54.72148597960097
1165,-0.9521663931915327
1166,-11.588831996990564
1167,175.8488655068503
1168,-294.0309743547074
1169,17.706538680978156
1170,39.39575562260205
1171,55.10361426405785
1172,-7.237150610299295
1173,-77.230093958868
1174,39.80155558075518
1175,-8.667469087777647
1176,97.47806231266998
1177,-36.39244913385369
1178,3.684356863532969
1179,-93.23668489958982
1180,38.7780617759056
1181,77.05894259280694
1182,180.24954940048872
1183,-7.690922465347512
1184,104.63398388593419
1185,-65.56134155565564
1186,-23.15280575490226
1187,121.61676803925786
1188,104.05096769046884
1189,-108.50923678388995
1190,-6.46635825042398
1191,-39.05879134226092
1192,-342.08294090298347
1193,-38.47488165270556
1194,28.472935806006774
1195,114.495600654172
1196,55.109820697104624
1197,-12.967127844412516
1198,11.810500242665796
1199,-508.1401441947429
1200,17.05764849033801
1201,-3.3484039896598006
1202,-44.73383428650965
1203,8.757483057462593
1204,-78.95013025840808
1205,97.70863040501354
1206,-147.15298815592143
1207,-29.26175318525719
1208,-175.2784904184913
1209,48.07776239512464
1210,-47.790154614729545
1211,3.0625195514309667
1212,-45.937014129613885
1213,10.524410820747107
1214,114.57017376662566
1215,-79.81853978529432
1216,-20.34490799019443
1217,37.915480851739176
1218,75.04900259164538
1219,-48.9221826555945
1220,-135.81779981735252
1221,29.162377384630986
1222,98.06761155480649
1223,109.99544198411559
1224,49.04592201269685
1225,54.18722476309739
1226,46.81077176221396
1227,58.69200452603161
1228,35.88003826748087
1229,116.37705515003518
1230,-64.12876963235226
1231,114.74318428761399
1232,-99.08666990349184
1233,-73.82062832199927
1234,52.37064538967968
1235,13.06474691103972
1236,-131.0961339933084
1237,60.98699780144631
1238,-40.627877665799815
1239,89.098681727584
1240,77.79163948138529
1241,-19.960618299124235
1242,-115.7685215949736
1243,39.7509124929029
1244,142.5067768420289
1245,-149.4755891792529
1246,24.099729543294302
1247,84.79936774084092
1248,19.3775728731232
1249,-7.020976403050838
1250,-110.15294566179017
1251,126.77425291566254
1252,7.123886027701133
1253,-79.90011280850399
1254,34.77929698590299
1255,-268.47325642391917
1256,-52.12719232356824
1257,-76.37633567282506
1258,97.64433282438455
1259,-186.61202749699248
1260,-328.89004159886554
1261,19.055930978481683
1262,28.546026109659806
1263,-12.958246059403677
1264,45.72342858773658
1265,280.680104669515
1266,-76.18234580765079
1267,42.130502458122635
1268,-20.119797226270123
1269,-29.261366365164463
1270,-25.54628685410478
1271,-45.66214988192354
1272,39.000107459302114
1273,-36.908911209367886
1274,56.81373737690171
1275,271.63048837417017
1276,111.77385842701852
1277,77.75473603835167
1278,-20.682640332361302
1279,23.898826372934366
1280,71.98952865837896
1281,32.34407348172169
1282,-22.358476288463294
1283,45.4705332377448
1284,71.94252922535287
1285,336.39955064647313
1286,22.488017650207894
1287,-85.69402034861349
1288,-80.63782029934748
1289,3.3363506580432727
1290,44.454138233662206
1291,120.25014967017216
1292,-7.197841717576011
1293,114.71795108056881
1294,-11.98657630232782
1295,103.72633783493723
1296,-96.41097676870947
1297,102.61432927577937
1298,22.74695156182281
1299,-20.420989423895207
1300,-183.621608131862
1301,-206.6183176591491
1302,-65.68949389755164
1303,90.43875616959463
1304,50.19350842185196
1305,20.774973702935483
1306,210.68980037619076
1307,1.9951261049874347
1308,-20.666806724986714
1309,-98.90527629279546
1310,27.248643435622284
1311,67.2508979350772
1312,-15.162420729051973
1313,201.25814607616064
1314,82.08677752969965
1315,-152.98424594761048
1316,36.12672501683829
1317,225.26689705897735
1318,78.74167962572665
1319,-57.6483661964952
1320,28.57388435561893
1321,4.051523865447621
1322,1.8931590448868292
1323,-181.49497266370656
1324,14.47026054874675
1325,92.354295201166
1326,179.39152449356072
1327,-71.4214317469278
1328,36.76895467813864
1329,-70.89684667516684
1330,-79.88058907946254
1331,-102.43077817012909
1332,-56.032257782872136
1333,-22.21776332806121
1334,-273.0165835106252
1335,-228.65163995500995
1336,104.10310972991988
1337,17.79862909225983
1338,-144.14294188887948
1339,-79.80998073567093
1340,19.659290031791613
1341,-97.67004771080201
1342,55.57500424598118
1343,-46.58446307293036
1344,-17.083480153185178
1345,144.70176617363586
1346,-82.09485542261115
1347,-42.771499246011786
1348,29.90034214836487
1349,1.2325895440578734
1350,-30.430570093265032
1351,-10.016989395430187
1352,-44.92085958690177
1353,-108.79507492919527
1354,-21.112099360485843
1355,-53.95900006652232
1356,-61.9268064668172
1357,-113.5946410034723
1358,241.08463074361748
1359,-135.50054648703048
1360,-52.52747379227378
1361,-86.0094412315841
1362,-62.8775293914141
1363,80.65889483189096
1364,2.974945711996156
1365,-54.32177270343141
1366,110.22829396291013
1367,-36.68257314334201
1368,-82.87949446015097
1369,-128.0189663842757
1370,-123.1537626103298
1371,-105.48354690793713
1372,192.6275908904845
1373,-130.49914817258525
1374,11.103608626038579
1375,-199.07814902747396
1376,-132.12422480104118
1377,142.90431682102684
1378,-32.24387243180877
1379,0.09977929107481032
1380,-111.50040662312455
1381,-55.30950600396585
1382,113.05404644619455
1383,-63.482075605056366
1384,-85.91297629094049
1385,24.24870813495943
1386,-2.6067565319870027
1387,16.735112881176974
1388,92.11007225830951
1389,106.51861277760145
1390,1.760037565802179
1391,-113.60879114617364
1392,-27.130134686859037
1393,29.082530170365203
1394,-16.238395999112413
1395,-128.96930472682294
1396,-112.85084392664737
1397,-14.862338579678351
1398,38.406804359450234
1399,-163.97960993986936
1400,-54.11539409553666
1401,343.2822666317983
1402,53.447729820926895
1403,-125.52212619905129
1404,93.63383102867817
1405,136.76264295605523
1406,-19.487410321191703
1407,13.173634190098653
1408,3.004544024448478
1409,99.8001277224812
1410,-32.293971506147045
1411,-14.959868108318005
1412,-6.994351010532114
1413,-84.99141398559891
1414,14.463169719962025
1415,66.01360248418058
1416,-44.78475911389273
1417,1.3940054271899385
1418,40.23013517941109
1419,-21.51314048923109
1420,-181.96804642573375
1421,43.251835874186895
1422,26.00272184962114
1423,172.69566908117815
1424,66.85417561120141
1425,-11.203679879541369
1426,13.035988400326119
1427,-43.20971189365446
1428,-46.98678907659348
1429,-7.056082894890153
1430,-7.445011192750826
1431,56.22734657598187
1432,0.09999909025214038
1433,-22.431821326079785
1434,-6.484312750169806
1435,113.05427797209956
1436,-0.09965785163512919
1437,-49.824739702824445
1438,94.03195902988085
1439,-47.702440397486214
1440,15.794510737511814
1441,140.9102559775812
1442,0.09977929107481032
1443,81.57519373913527
1444,77.41814527819537
1445,-68.07390508016698
1446,146.4962967966668
1447,45.729446915838366
1448,-12.249035450698159
1449,-6.141519488200856
1450,-9.005791261651837
1451,151.59137098513224
1452,-74.73880410649099
1453,96.94315348726343
1454,0.8960869966609266
1455,43.00150491402616
1456,-52.72783304653154
1457,-26.54765897854918
1458,-155.60357242049213
1459,-95.6398287129656
1460,44.068179238948574
1461,41.58975791664602
1462,-25.979104746647863
1463,157.07713685060583
1464,-40.68768795593371
1465,-301.5765998363381
1466,8.405309644078557
1467,89.9334773443743
1468,35.128874760352005
1469,-7.151213699834329
1470,-191.38070158378673
1471,-57.90640033792897
1472,-59.081149779730936
1473,39.93399278117363
1474,-69.70870669023225
1475,22.921738655279114
1476,39.330333759083715
1477,102.31884261665903
1478,6.027527903222676
1479,14.765132259417669
1480,-98.73686232637647
1481,-61.786040071793195
1482,133.88885269110153
1483,-5.686053992819893
1484,121.16232818799381
1485,-179.94908403544935
1486,-61.61783010909255
1487,12.784638082880178
1488,-104.772098038693
1489,59.7933665363181
1490,54.174626587686134
1491,-410.81895398896063
1492,7.949071020255644
1493,-9.025056706558871
1494,-23.14794176235648
1495,-58.804561277444634
1496,0.09978032610536047
1497,164.7996221694259
1498,-171.88049397322573
1499,32.97968397163061
1500,38.70891562150814
1501,-40.25724498655336
1502,27.245604497781756
1503,-0.33332270018053123
1504,-102.58134995316107
1505,43.491205752212295
1506,-314.1978161889393
1507,-159.68509379894112
1508,-66.67394201054185
1509,119.70776045719617
1510,114.65747472195295
1511,12.669786230508123
1512,-51.98745620121713
1513,-34.14362147233919
1514,-0.09984514816437695
1515,62.389345496417604
1516,8.692722920572919
1517,11.95246208660484
1518,242.8271794551598
1519,55.21547196152028
1520,-24.211826184765187
1521,-37.33894710659433
1522,-151.01947382673188
1523,35.838286315181676
1524,-79.42152944229281
1525,-174.93365278082877
1526,85.72990630642778
1527,-88.09430070132896
1528,222.2120320020099
1529,-267.6766373275217
1530,-120.804247524542
1531,-74.36966935546718
1532,30.889682349348504
1533,-29.189315450068307
1534,46.13272846711732
1535,21.63678448919927
1536,-16.70456501401287
1537,90.14345228106549
1538,9.382367496022084
1539,145.5522552772337
1540,204.57119510142923
1541,6.641730294286219
1542,173.84743667565328
1543,16.27115136489573
1544,0.1000035656803675
1545,74.00463931858076
1546,-78.57719467925637
1547,-18.33949628727214
1548,-36.471096255382406
1549,5.946380679356821
1550,-32.356458280978075
1551,133.97658397706078
1552,-31.648467300514824
1553,-39.092838054651
1554,116.82701207601997
1555,-13.030067756613846
1556,57.77124219647237
1557,32.42263825612707
1558,90.95399958445171
1559,-0.10026806784594555
1560,28.2741388497613
1561,-139.97690207618888
1562,17.694976028494352
1563,141.6832010117214
1564,-19.298557290588633
1565,56.4196867731236
1566,-74.82474292309678
1567,7.84793836285769
1568,35.17822502324515
1569,-60.275949818312824
1570,-106.2264413595268
1571,-41.91810710346431
1572,228.2299669255786
1573,-0.10026806784594555
1574,-140.7205556268077
1575,69.35868057726873
1576,-39.63596287554765
1577,-184.70240285943078
1578,-59.76420269551488
1579,-151.6676257432634
1580,-101.63571166493216
1581,18.83533314570559
1582,6.115193762804097
1583,5.781513053351603
1584,-78.9344035411292
1585,28.383393726941165
1586,-29.602782445708613
1587,87.89304954749298
1588,-211.51859589253468
1589,51.17833794599284
1590,-58.63216060921485
1591,-269.6620550263539
1592,55.22248118682273
1593,-53.12780513407148
1594,-49.79853980879443
1595,-68.55877906711225
1596,-79.84081268675237
1597,27.515853591610266
1598,106.03061789191872
1599,94.4627159400012
1600,54.13107082875126
1601,9.570132272322212
1602,228.40579249012512
1603,-37.90235804257418
1604,43.055004921356954
1605,-6.112078938279126
1606,-47.49271121551851
1607,168.60977517672166
1608,-69.84311728031321
1609,117.62060635196679
1610,-130.17540747345316
1611,-15.515867373643516
1612,45.252316370387916
1613,30.099739529123156
1614,17.328676121358058
1615,118.40325213844727
1616,-38.22520745167776
1617,13.600318057290679
1618,7.055554680239197
1619,13.72561195040771
1620,44.08085823790532
1621,-62.078641089842506
1622,-13.52828645914019
1623,17.505807947746632
1624,-60.23873806276862
1625,132.16316752038404
1626,74.95282486895269
1627,38.135503168847094
1628,75.40430631006132
1629,-31.68049602887345
1630,32.768205645959824
1631,122.01622220428283
1632,-35.70050140617991
1633,15.572841955451224
1634,-59.20955890696115
1635,41.16985978048791
1636,62.78006322689737
1637,-34.4872097082781
1638,128.8750352879373
1639,67.58018373257073
1640,-34.593325934931954
1641,21.349346540071963
1642,141.09348123515082
1643,-0.10026806784594555
1644,0.7955200671001421
1645,44.3482868017129
1646,91.20976589508325
1647,12.836715113308856
1648,35.847006223889025
1649,110.946894843481
1650,-40.7791248636006
1651,-44.59068838792433
1652,-75.7658235007608
1653,17.27706126035116
1654,-81.70075806070389
1655,34.80493081088514
1656,-33.709400174528355
1657,-8.173777767734123
1658,88.47524399647108
1659,-169.79197113435544
1660,-71.3297786028038
1661,19.032571287214864
1662,-79.97977313317926
1663,0.1688850502363266
1664,78.62241421988665
1665,32.306180678847
1666,-36.25390884965515
1667,-58.212636757938526
1668,50.72422427967575
1669,24.92805605435575
1670,-74.87086058846751
1671,-125.66998127453826
1672,23.82066679588121
1673,50.117962982974575
1674,-54.547395475671976
1675,3.7445953102870817
1676,-23.034113914613783
1677,102.46414288411518
1678,-120.21724674128689
1679,52.42339676054928
1680,-103.23584926180166
1681,13.61510853829077
1682,180.6523957207773
1683,107.56520516191978
1684,-53.108693827769116
1685,70.47807262014464
1686,80.28410195364029
1687,74.13539303838905
1688,-33.08868553908826
1689,-85.33747713295338
1690,-40.16506693298413
1691,-34.39041661703362
1692,168.23786661579527
1693,-100.81929405403463
1694,-129.7681266412617
1695,169.1601626083011
1696,122.6726714887194
1697,21.971028987240913
1698,-28.02523976013498
1699,72.00195643747412
1700,83.69822078498117
1701,45.086197593139104
1702,46.31483703720096
1703,-117.2162266642988
1704,-12.136050187569708
1705,-179.664090072038
1706,76.58015108039535
1707,-35.151080346823505
1708,124.66512220525175
1709,-0.35536037995689185
1710,6.61978366498704
1711,1.1212388747632076
1712,-20.08906544873048
1713,3.0514264638337636
1714,58.536628535013165
1715,16.605276435422127
1716,-3.5822341809162026
1717,189.1299481053531
1718,61.95087365626193
1719,-15.25012548575262
1720,51.210147831869335
1721,163.29684759003936
1722,35.66975313765738
1723,-1.0662816545988107
1724,71.39169605711095
1725,150.81178833315153
1726,81.99467784790232
1727,-94.12632735436028
1728,73.40115158360186
1729,180.3246742420116
1730,-17.986115368429296
1731,24.131088381573193
1732,-76.13598696468108
1733,-13.559590874812898
1734,113.28375631557662
1735,94.17532164929287
1736,45.086197593139104
1737,49.91483178614351
1738,-158.62512229940864
1739,15.605223987351962
1740,-199.9211739090298
1741,59.026882015931676
1742,8.108690546748733
1743,208.0161853645069
1744,-20.84996273664342
1745,12.938003637544341
1746,-27.03291009810539
1747,-5.156908901284055
1748,39.759171978650784
1749,-252.90706790068708
1750,67.22890479752698
1751,34.840270106398634
1752,-291.83590545326814
1753,57.108925428458406
1754,-16.589949353706402
1755,-168.39709618294677
1756,-54.340104133278146
1757,126.71444079358179
1758,-15.952453373303854
1759,-7.581214375004379
1760,-14.96980782510849
1761,133.03461535471513
1762,5.708278384002142
1763,-30.175870078630908
1764,60.599475783293144
1765,72.67312224925081
1766,-110.8498277515045
1767,112.10675380327098
1768,-0.5549341910304975
1769,7.942667645184997
1770,-8.443582449722498
1771,-214.29006586997332
1772,2.2051292467054964
1773,-73.0356254788004
1774,22.284802538278655
1775,-22.323816190545358
1776,-91.55631906442636
1777,-25.743783816697828
1778,25.710653742235706
1779,44.04753457541216
1780,-15.469302969877617
1781,8.716663393552778
1782,23.95396687657069
1783,38.78535265532577
1784,106.15351761829214
1785,2.6619242260105693
1786,15.929411543896435
1787,-228.57600247653875
1788,5.85206777282167
1789,21.947946421631286
1790,-50.78503029405982
1791,8.40580823897767
1792,238.83067332858963
1793,35.672344581366815
1794,40.67912841270277
1795,-82.70747181172226
1796,17.534003658887002
1797,141.75401170877626
1798,43.14745440743127
1799,1.5272881613128106
1800,-15.094856640258001
1801,-104.72229798578024
1802,94.47300048390457
1803,-0.18833209502872705
1804,13.749622249962442
1805,-108.98131564507139
1806,-49.17975865710116
1807,-234.13688689920798
1808,4.129312946633661
1809,-80.0743777694828
1810,-105.79145717348433
1811,149.59420282528185
1812,-29.642337363896615
1813,-80.6880939272761
1814,89.93026254887536
1815,-132.90181025908544
1816,115.00699771342317
1817,-17.455803911945395
1818,106.48852944487237
1819,-74.0176195018484
1820,49.3594173216037
1821,20.592178926252245
1822,50.90442195973833
1823,43.053834333340546
1824,10.94224399687721
1825,-28.14592380953809
1826,-20.514955395981588
1827,-123.31927922515035
1828,27.701249183169125
1829,-54.71204394015632
1830,28.84688089357087
1831,-145.46504556073057
1832,-66.14011758437061
1833,-230.2688636962668
1834,-150.52661975753267
1835,-154.14305600525563
1836,-24.403823358070895
1837,39.985231451249945
1838,-10.032048492403987
1839,8.883110013024918
1840,77.82409731444727
1841,38.20278730554355
1842,6.551638707380562
1843,127.17941728435733
1844,-221.89257614567367
1845,-20.78626967357485
1846,50.10020823871412
1847,4.335996743784847
1848,9.063873837735855
1849,100.0687414493006
1850,45.264535946042656
1851,5.002719094113445
1852,80.8931891430085
1853,-38.576654110760785
1854,62.839159906244504
1855,41.07480804725037
1856,26.77111373130407
1857,226.2379436745523
1858,-43.206674163749256
1859,-122.44712298077991
1860,144.86612920571184
1861,120.66654981762207
1862,40.572794924293305
1863,88.2071028922901
1864,-108.03026873265412
1865,2.544196088054605
1866,46.72573239497217
1867,36.02365996274489
1868,-52.200087424826734
1869,155.7924632799175
1870,-9.263491483948997
1871,-185.19814221662216
1872,138.7057721816787
1873,-41.21464734467423
1874,83.82404480142156
1875,-0.10043422488763554
1876,-152.71450193697194
1877,16.042664445071125
1878,-112.54784409041031
1879,52.30000596715968
1880,-17.256661159800615
1881,243.9848430067509
1882,-112.45545359261985
1883,-12.124921311319667
1884,14.56576143051683
1885,-17.169465945461866
1886,-20.44108035882482
1887,-0.10001120315837397
1888,-135.16159767984152
1889,27.887141741707126
1890,-49.898755997378885
1891,-190.25693237999235
1892,-9.9900333039202
1893,35.23706408417763
1894,-59.781274597875665
1895,84.0072107541929
1896,-83.17575806020909
1897,74.10784663602021
1898,287.21648360285315
1899,-195.98699632668962
1900,31.82614720228446
1901,-49.64034123643091
1902,81.46123325593953
1903,115.08878837688553
1904,-77.99551474027169
1905,28.772237032869214
1906,106.7738041357444
1907,162.1745168432583
1908,0.09968172100377615
1909,44.70952929588026
1910,120.39450976580395
1911,34.62930778525407
1912,-25.937239640815505
1913,69.35356847334396
1914,35.92793771985748
1915,-14.423327795278794
1916,38.06641798220426
1917,-93.0701761903058
1918,-38.79963604026841
1919,-139.55237363439073
1920,-12.277759478140013
1921,-49.291628087535
1922,-7.780338551873456
1923,-10.240526979664537
1924,91.81288626112837
1925,44.20509224208496
1926,41.19820643907656
1927,-57.50125183817522
1928,6.266535533770934
1929,-94.2617091140595
1930,-8.655841855611357
1931,168.37034502674135
1932,86.98489788013535
1933,76.44824172249446
1934,-71.1183473268087
1935,-67.34023327739595
1936,0.6437679723799192
1937,103.76204781539911
1938,-26.05875918856441
1939,59.69770724009584
1940,22.42010859266327
1941,122.53160014080805
1942,-65.74693579622038
1943,-60.79429600071023
1944,32.720647645292615
1945,187.2286738930702
1946,-0.10002720814600252
1947,83.10804430210146
1948,234.91331920855373
1949,31.761651067712762
1950,-133.395100487839
1951,-30.420812224358542
1952,-33.37318911232251
1953,-137.6428926489735
1954,-3.8892888694814474
1955,2.544196088054605
1956,24.26782111887536
1957,53.09582213160411
1958,76.4207752037903
1959,5.763888184975372
1960,28.47045334147714
1961,-90.88540692810398
1962,96.77874324688219
1963,65.48230220363882
1964,-51.640182984925445
1965,-55.830853462305356
1966,-31.146195571853127
1967,-199.13840804339168
1968,16.49797336430072
1969,85.4336518045518
1970,-40.57056813566362
1971,25.904324565368597
1972,38.2280412117787
1973,6.443724352579125
1974,68.10084277396385
1975,43.63188099888919
1976,207.16448659259078
1977,-14.671788517515893
1978,47.47594878243234
1979,85.94902985397619
1980,-111.11397138376742
1981,26.76767574159419
1982,14.599865595645667
1983,26.02109441559992
1984,-163.06573526685332
1985,-78.04780045360383
1986,56.32974174978983
1987,-5.179677322092971
1988,-187.64054706331876
1989,-12.939664185759455
1990,149.31911590825217
1991,-23.72363588768127
1992,23.212767273190252
1993,-102.19437400499623
1994,-63.41192392347341
1995,22.68135642078414
1996,-64.41355292116236
1997,50.15594802062981
1998,-332.5771923461389
1999,-35.26550519544719
2000,54.86169176350927
2001,-139.7804688292124
2002,81.1532656714183
2003,7.5124307581967855
2004,-25.920864781753664
2005,21.491297293261653
2006,69.67062837199774
2007,25.157322558675787
2008,-95.80224945926437
2009,26.57508856477864
2010,-59.52111438216417
2011,-176.11027600949353
2012,38.54705509412145
2013,67.59853720607941
2014,-91.00502007497755
2015,154.29956517375513
2016,-60.525120202663345
2017,-73.41706504927595
2018,-20.243689162555825
2019,-97.07282001205851
2020,17.296218644178225
2021,31.36708803568166
2022,182.06979602698686
2023,104.27717810167803
2024,-35.084324139224805
2025,113.01392132447938
2026,-36.85826066130636
2027,181.89787517598256
2028,-64.16393920085329
2029,6.775906679583272
2030,9.820306431634322
2031,84.05622402436154
2032,48.51268408401472
2033,-26.14189068432563
2034,-0.4126531801730948
2035,111.53718886150887
2036,-306.53046123686033
2037,46.69752547871997
2038,43.10804430210146
2039,0.10008800946673091
2040,223.67728480030678
2041,61.787109458095074
2042,193.13316205816432
2043,13.426767679481202
2044,139.3410567527019
2045,-36.120111959807275
2046,-110.20060181668151
2047,96.33788363350936
2048,-139.83045514386635
2049,-24.41760432642411
2050,11.687016131009216
2051,83.97558560321403
2052,11.195898888013062
2053,-47.73730723716278
2054,-13.518405101059955
2055,67.79919953551138
2056,6.8595724917376515
2057,64.72103536816735
2058,59.677910105202045
2059,2.2588606486482377
2060,67.57804069490362
2061,-76.71478561122399
2062,68.75075120277552
2063,25.15003042488985
2064,-230.8006887596456
2065,40.299688394876284
2066,19.55354430036084
2067,3.611076167486658
2068,41.20368669706369
2069,-1.2266580148158823
2070,-137.3567141655774
2071,104.7797662078516
2072,-160.0733269354078
2073,-8.692513669490609
2074,-71.72337608891786
2075,-114.49467563889561
2076,-4.838435613817353
2077,-36.09375289298913
2078,31.68709918890403
2079,29.23051100399107
2080,-3.5360199744538363
2081,-91.63068686973367
2082,10.169891769202025
2083,109.62445139874922
2084,60.21295559445571
2085,-99.40996946085875
2086,-104.9865802110935
2087,-0.10026806784594555
2088,-34.138698935498894
2089,54.320952155361795
2090,19.433949533415216
2091,-14.01999769222357
2092,26.720404127465997
2093,2.038187341526168
2094,55.637301108392535
2095,-2.2661952320200953
2096,-66.85171843777209
2097,-0.15794882318579084
2098,-107.39774422269727
2099,39.03614937350562
2100,38.150831684800664
2101,-67.5923058747021
2102,89.17945946058558
2103,-0.10022458057062522
2104,9.805105787672801
2105,5.411058492988047
2106,-12.147013215570325
2107,-3.0004732055612067
2108,28.198409393979034
2109,55.52117266693995
2110,120.63393924350021
2111,69.8623311955269
2112,-122.79349170846751
2113,32.09530393130137
2114,-24.915081020790865
2115,75.9824275816909
2116,-48.462934444402265
2117,144.74023537719842
2118,-28.593839962622894
2119,-0.10026806784594555
2120,-18.1674682627891
2121,-0.10026806784594555
2122,148.86521646240288
2123,-140.5828674788636
2124,6.112364413775708
2125,89.32970311330871
2126,-88.26162836817969
2127,-15.026226251137984
2128,-4.802625662814421
2129,87.45515564174258
2130,-5.247115612892969
2131,142.7405471185084
2132,89.21728830675852
2133,21.436862193355864
2134,13.95470996588216
2135,-43.82023223994577
2136,-21.93808248441826
2137,-37.15854974957426
2138,-93.81485968481508
2139,-68.79667993708154
2140,-102.5100701593538
2141,-2.923683493686383
2142,23.566658919169413
2143,-2.3218670409314655
2144,-126.4922440963669
2145,-37.23747928462569
2146,-34.27129919194016
2147,41.06964471465636
2148,-4.950077155662029
2149,8.425765037498195
2150,-156.5500101119
2151,35.3164366250129
2152,0.920910935801885
2153,-227.17218210166732
2154,19.26900703341761
2155,-159.7860338490206
2156,6.73278727351294
2157,-28.82240866320842
2158,117.6545214268424
2159,-50.340009685622476
2160,-192.3930459813971
2161,64.04082528385834
2162,61.494467541506594
2163,-78.35685067246737
2164,-21.59788091085568
2165,96.05361174461291
2166,-146.10898470313327
2167,76.52909374504054
2168,-100.10000161636947
2169,52.921417868535286
2170,-44.080145067744695
2171,-67.47547129877967
2172,-37.73298342863427
2173,59.78365462941031
2174,-28.31594657545031
2175,2.2585763246009947
2176,97.41359456324534
2177,-26.77006322534106
2178,142.5833623231993
2179,-0.10026806784594555
2180,0.687229702295383
2181,-164.91634227055687
2182,22.4931292212234
2183,7.1534129489197085
2184,56.107640198836066
2185,-55.967639553444144
2186,46.52944944391197
2187,-13.233845762749183
2188,77.83434438751328
2189,66.1934087027156
2190,-115.85581386491236
2191,-35.653464520725606
2192,-171.6251963419537
2193,-53.556121565684634
2194,-10.375873715486932
2195,-37.03655661459322
2196,-1.630459728567189
2197,-13.155661220676791
2198,142.26995728493694
2199,-14.504813259151149
2200,42.546862207858965
2201,-129.50109621303915
2202,-162.4762398844407
2203,-130.16125408381464
2204,-25.257802985702824
2205,39.18705472548618
2206,66.96810248209806
2207,-22.337298991904902
2208,-13.222253168171449
2209,-0.09970181450796645
2210,5.213338955691881
2211,43.1565292935054
2212,38.010506637445246
2213,3.721594788642733
2214,13.281078885118461
2215,24.53934130053011
2216,-201.5042993981824
2217,-76.67802701222837
2218,29.347283474375615
2219,-226.61848447569912
2220,-34.889749314989615
2221,-41.53619591797087
2222,72.32702247785915
2223,-83.54496051470426
2224,-115.93080221856712
2225,-95.39224375266099
2226,-19.554695178506222
2227,43.53333628954971
2228,-98.96684004881627
2229,-88.557105407562
2230,3.708263921708692
2231,-23.194081531088273
2232,-86.89172125513193
2233,55.79082520781958
2234,-92.94772753772077
2235,22.758844194417065
2236,116.5812738481012
2237,69.89994917204666
2238,87.78073511453033
2239,-12.67678600094763
2240,-10.156861095703675
2241,150.74799303055784
2242,-14.806331380262918
2243,188.30015398507584
2244,-162.9894132025347
2245,55.97353878022216
2246,67.33939758488737
2247,-51.49568751072411
2248,26.82484313036042
2249,82.62102203833922
2250,7.260381780936655
2251,9.900822916491165
2252,69.97600885888289
2253,34.123398789483474
2254,3.416467452143422
2255,-83.70487929976781
2256,-0.10026806784594555
2257,4.176611129843877
2258,-74.57428665651037
2259,103.54645397006965
2260,20.5077722620249
2261,-34.25209327119478
2262,-0.5157013506456565
2263,41.30070054848511
2264,-58.51007082932301
2265,69.67690860070172
2266,-143.1634878810985
2267,61.42586934964379
2268,-24.082899834017383
2269,21.260322771704182
2270,-196.96742366284195
2271,107.3852013414816
2272,53.90512924111738
2273,34.069667437606995
2274,58.40749640772276
2275,84.2178229313896
2276,-25.347443246944806
2277,-125.97742528686365
2278,64.52365047001149
2279,115.66240775651602
2280,-7.094297835957661
2281,-0.033462166270396665
2282,-240.6240366545818
2283,104.95450056838274
2284,5.460010577266473
2285,62.24681840040387
2286,54.562933185379734
2287,-8.450514428154975
2288,173.15389470693265
2289,126.53625728183613
2290,88.29095877674479
2291,-114.7414966388319
2292,7.010333742309967
2293,-83.41530363680323
2294,35.035442906488356
2295,57.2242883767517
2296,142.66966565824828
2297,11.946607183716878
2298,-99.92227783078874
2299,25.49409694105333
2300,122.78379354507723
2301,42.373732388668714
2302,90.84785411153644
2303,2.7595606615186057
2304,45.4469213509509
2305,-113.02173525721491
2306,81.67562601346464
2307,215.11429646279873
2308,-96.85313265070289
2309,0.053454166809103754
2310,45.689263714444564
2311,-90.13917044789491
2312,-92.5932058955558
2313,58.8894536957215
2314,165.84493245576277
2315,23.41101176443567
2316,-75.79872764268328
2317,5.3854433792579925
2318,70.77054038633571
2319,-180.18179618029427
2320,-14.666867908128893
2321,34.706384960543005
2322,-108.22691707422587
2323,-136.4461402525272
2324,30.775153736780908
2325,-37.33894710659433
2326,-31.390080705068613
2327,-0.43541521915108206
2328,-61.06828747608387
2329,-2.2103872726457894
2330,21.245036629847164
2331,-0.3446195479241396
2332,-67.73431759188577
2333,14.216815103567512
2334,-189.87626382965152
2335,123.54172637208887
2336,-2.237262530017631
2337,118.04062604551314
2338,-129.04679518266926
2339,106.20835927208174
2340,28.918584801099996
2341,20.921387718679682
2342,-51.87799218012839
2343,-48.939640271794644
2344,-95.46944837266363
2345,4.5004136262971315
2346,37.16291502999724
2347,-12.86128427436853
2348,5.869388683016837
2349,-10.932736891306604
2350,-6.740691369566775
2351,-258.8364991580403
2352,14.298309682644117
2353,-15.880931373554688
2354,33.98059585683296
2355,-9.082047333042624
2356,1.2284293946023581
2357,-71.06062891548447
2358,-0.10026806784594555
2359,30.024018620046036
2360,157.63127870818653
2361,95.89583529884851
2362,-44.848168968240145
2363,58.39110912260162
2364,-94.45516619211952
2365,18.962109056795384
2366,123.84497271508712
2367,-172.50533116640418
2368,-172.03612743016254
2369,34.04041382519233
2370,-18.549420350589287
2371,63.32832046822466
2372,-57.30850112926203
2373,-8.587804810779346
2374,161.9925097968652
2375,-148.44224723648438
2376,118.77255144592476
2377,115.8846576757935
2378,119.4163474351148
2379,-114.1342520020508
2380,5.662940540090688
2381,-56.6618275565084
2382,130.26705403989882
2383,-85.76990354129259
2384,-42.80840711533028
2385,-66.63120984166528
2386,-3.4850385181813976
2387,-9.220274022353578
2388,3.40088638209437
2389,19.63672760337022
2390,28.969053794779484
2391,-5.428856349518355
2392,-152.02847701707924
2393,46.87452758184082
2394,6.002214941337286
2395,-4.127151590779931
2396,84.32828175841246
2397,-36.15111172817103
2398,-32.44317579379481
2399,31.705063769435128
2400,49.905635895520106
2401,148.7732968040974
2402,9.301415171284418
2403,-0.5785294295428685
2404,-136.44201572365148
2405,404.8458060456468
2406,-0.09974212626980261
2407,-4.769558955428465
2408,-13.658550486505192
2409,-82.04191552868463
2410,72.8993720342092
2411,95.39774345655269
2412,40.25708494197329
2413,172.2998836703821
2414,68.76065717224196
2415,-38.940912413829665
2416,1.6283282796736671
2417,233.97801614364778
2418,0.10014883585432699
2419,-189.0764923678875
2420,68.54071272078204
2421,-14.591754601473156
2422,91.65466050575117
2423,75.5513409213412
2424,77.61480063172633
2425,-23.036047049699732
2426,2.073655718660234
2427,23.683173744331498
2428,72.28197166445773
2429,-45.34686528874761
2430,-109.1941169944692
2431,37.094601800690725
2432,-170.4314222445862
2433,126.6153802499984
2434,16.598975926947503
2435,-8.097560942608709
2436,30.229136669936906
2437,86.84471808952031
2438,-95.01581179442877
2439,30.449556445166877
2440,89.83345959583437
2441,92.87429122449589
2442,57.57458843347814
2443,-271.3321496055126
2444,-268.8336847558254
2445,-18.39992610638734
2446,16.56709128560169
2447,2.1218166949207102
2448,-17.87840495915907
2449,-153.6725396589552
2450,74.62385357709786
2451,10.787607162200857
2452,-0.3947175403345682
2453,29.59885793362605
2454,-17.663345069339357
2455,-96.0766090994561
2456,63.38629372425362
2457,2.3321393554083443
2458,62.34007567909714
2459,112.23750365737942
2460,3.518605638267559
2461,-36.371906968407984
2462,-107.40556793515589
2463,12.254792428002133
2464,-28.080167647286203
2465,36.50088957754883
2466,-2.4045067954654655
2467,11.371088664958904
2468,115.9406769516396
2469,-89.10996506133057
2470,-72.31825200674217
2471,172.02596800980848
2472,-31.867508546403144
2473,-546.4753675635866
2474,-64.38424150235619
2475,138.9170491828961
2476,-30.57428503408164
2477,169.61445463882416
2478,134.58930135864784
2479,71.26973008307277
2480,-59.240970803826144
2481,31.99129019771385
2482,-19.890169870221087
2483,95.78940048623963
2484,44.96330499683057
2485,140.5815031165372
2486,-21.420242558165228
2487,182.8681436638833
2488,22.58887111704064
2489,-15.354216282923517
2490,75.61632622061614
2491,83.32733603203621
2492,-20.154109465802378
2493,193.79286149200738
2494,6.4687783148018525
2495,-45.096663237088876
2496,-230.05013882047206
2497,-44.418837148713806
2498,-18.228183761057267
2499,-267.20255925149763
2500,-35.30510783212088
2501,90.9334043770233
2502,20.579547380669396
2503,31.942900164696198
2504,-26.805292906947443
2505,-89.79109255831179
2506,96.47945246969914
2507,5.441053222367088
2508,-100.26286134743987
2509,83.52861135387161
2510,-396.42752655750303
2511,-130.97045804311836
2512,-107.96051127225883
2513,-25.73056465152672
2514,72.39425191169437
2515,99.54008801387113
2516,62.79199460929681
2517,-18.382137430078274
2518,26.958497805032493
2519,22.241140346673717
2520,114.50991764418973
2521,-20.119797226270123
2522,-114.28127278323382
2523,31.431268458192562
2524,-14.297907187746205
2525,113.01392132447938
2526,-277.39938756805293
2527,-42.26115645964103
2528,45.25271760724485
2529,-56.29879794504501
2530,-58.15170917273508
2531,113.15076013776769
2532,27.546973530474986
2533,-63.67010362934599
2534,9.27365356231985
2535,-184.46457062797572
2536,65.29382789549453
2537,-32.85846211073931
2538,65.51493461838061
2539,-61.69139010369963
2540,94.24288331943137
2541,-143.42509065492033
2542,-175.6469513938497
2543,43.66627476176859
2544,163.99781535458936
2545,-136.1510218369308
2546,-33.29676254805861
2547,99.99147535850761
2548,-8.249670453241663
2549,40.44877875458661
2550,-75.16939620088328
2551,-49.39869510218398
2552,41.945441581902514
2553,-42.51448814632829
2554,83.92009355684348
2555,-23.39139097780037
2556,115.2678182467888
2557,163.61016887492383
2558,-24.76800675052084
2559,125.70684339845684
2560,139.59801075146697
2561,137.79083786763715
2562,-14.043966576757953
2563,39.74545430596703
2564,94.95958987302322
2565,-42.16754067232887
2566,19.77024945178141
2567,-129.54046254587263
2568,-94.86379595164635
2569,-72.8347355175589
2570,-56.63859907648748
2571,23.263503451274346
2572,-11.25400460720357
2573,115.4967930709796
2574,158.20911432340085
2575,-15.385098031163807
2576,61.12657431927312
2577,54.29679854597782
2578,57.716733671248676
2579,115.77604613869363
2580,-64.01580289625662
2581,-254.37628551206126
2582,101.34283929206413
2583,81.33627570747734
2584,363.05699228096046
2585,-49.50260506125994
2586,-118.4692604468546
2587,-68.3020833912035
2588,-89.14603800284465
2589,-17.39965902191352
2590,-269.7256421570211
2591,24.493935338873882
2592,-20.318839311850866
2593,126.79928262108888
2594,-35.05380210036111
2595,-19.29713923525719
2596,5.556753435949645
2597,43.490519781317005
2598,35.11915928382177
2599,-14.151586997760376
2600,-272.7311330210051
2601,55.13929499003075
2602,83.67081297958032
2603,46.79458736141379
2604,73.30231715871264
2605,131.89131138781465
2606,-38.76204043608192
2607,-31.227336688528794
2608,4.764801584578095
2609,-61.769582845937634
2610,-25.667805753126288
2611,111.83734335388806
2612,-122.45800037656738
2613,-184.11950264135766
2614,24.9518753811509
2615,-63.1596415583989
2616,19.51653883695917
2617,-67.08207650184511
2618,11.705956188286734
2619,-46.036563735658774
2620,-28.472890324788978
2621,42.14870768618033
2622,-3.5411064116282205
2623,94.54840425540334
2624,0.016860972701010724
2625,110.22745238068183
2626,0.09977929107481032
2627,-12.502181646164615
2628,14.504680879411012
2629,30.42502907274553
2630,33.11661692054565
2631,-10.768069837228154
2632,-49.52104489942383
2633,-2.756398586365208
2634,-37.55535353825411
2635,-125.60588924968613
2636,31.173901175550156
2637,-0.22467983682088288
2638,81.54792665001878
2639,7.158170461724637
2640,-13.456795564581398
2641,93.78795883001771
2642,-17.54247582933465
2643,-101.04650475011965
2644,-10.669253436727445
2645,116.1153646958042
2646,58.94521767247329
2647,23.545690311364865
2648,-143.7260916975132
2649,-105.2726111398448
2650,-33.67264999284106
2651,31.136231486705356
2652,81.89732043597002
2653,-227.7874548894324
2654,65.76608725393737
2655,-63.82907719799209
2656,126.29689513316771
2657,70.924831708738
2658,260.5884774263624
2659,92.02449414971397
2660,-41.8594556135763
2661,69.89237213525627
2662,0.7669763891591401
2663,-1.3218480014112401
2664,139.9262790332869
2665,-64.87140140233902
2666,95.56613376541395
2667,138.84642779302715
2668,-194.66426454669153
2669,84.6971090377138
2670,-0.021787168157516135
2671,7.581585674752148
2672,-7.122815516614423
2673,53.36118206676889
2674,107.67267729867945
2675,-66.52347639144614
2676,-98.37003039531078
2677,-0.10026806784594555
2678,110.17544319049523
2679,1.4401920117016402
2680,174.92497761362597
2681,-99.9921280254514
2682,-9.696302738920679
2683,120.8003226319289
2684,-97.25404819969901
2685,53.31520888653017
2686,3.8369861853448697
2687,-101.67495199136249
2688,41.89635023346921
2689,-108.0164171207087
2690,3.9484959440596867
2691,4.165211014288502
2692,79.5560460081449
2693,172.3948780368866
2694,15.835701828902984
2695,-70.31202492174151
2696,55.66249249850563
2697,-163.64161666888776
2698,8.822799638667249
2699,94.6214137189113
2700,46.773154821973094
2701,101.86148585013967
2702,-35.02569721190565
2703,38.96885721420318
2704,-6.172994650420549
2705,-265.40869927109156
2706,73.56862631312015
2707,0.9986796256793014
2708,-104.90417545206401
2709,39.826131932499834
2710,12.790069368854063
2711,-28.88255447102722
2712,56.631970352820304
2713,53.67791287101801
2714,12.671118163918834
2715,3.5841752137612843
2716,70.18618392981688
2717,43.4321206884112
2718,-28.7506326797768
2719,78.1391227605086
2720,-58.54126377819267
2721,-146.14252036490052
2722,-46.19071608772691
2723,153.65041056332325
2724,-145.1252010050364
2725,-230.1708728058877
2726,56.0539569018531
2727,-252.71241643157123
2728,-7.727896827532675
2729,-9.109395718626388
2730,-4.017149276045529
2731,247.47840739004016
2732,-103.43492059032235
2733,-53.583553590062365
2734,19.22301168002423
2735,37.01889375990487
2736,116.59772081908028
2737,38.43397746987159
2738,-40.873028384645636
2739,-205.2864796794118
2740,-49.07493999286396
2741,-46.930357363755206
2742,23.646381133458192
2743,-93.28645856307162
2744,-92.86735026655151
2745,22.68261812308731
2746,-4.241488461869267
2747,116.47170511586893
2748,-52.91596233529816
2749,-37.94230425050074
2750,-31.42725576743851
2751,60.152014204971806
2752,-27.036676122265987
2753,54.98793035694649
2754,58.210648140337184
2755,108.99549489633415
2756,28.58078615486886
2757,54.60743527607423
2758,0.09977929107481032
2759,46.57699451173039
2760,-137.1024517796718
2761,-65.25071838565214
2762,49.17144708867295
2763,112.12673281612825
2764,26.468951951310373
2765,-68.67110470305192
2766,-114.5928276784283
2767,124.21858878628984
2768,0.09977929107481032
2769,-3.359611552053593
2770,99.13439719886031
2771,70.7987462136108
2772,-100.35405378596425
2773,38.609112351724775
2774,-71.8430366812795
2775,-7.4589549456831605
2776,-88.88131168873872
2777,149.57190038768033
2778,50.214607998006954
2779,-30.235560174021543
2780,1.8422176262977246
2781,36.69963592940559
2782,-21.456236353361135
2783,-87.670281405048
2784,279.13490343525564
2785,33.07117378830259
2786,58.300603331251125
2787,90.774218095945
2788,70.90196381875
2789,-73.98490581087458
2790,-181.5447181164942
2791,63.03500516028521
2792,-5.288955035902347
2793,54.71110556410616
2794,-185.63083229966628
2795,90.61306800790669
2796,7.077938575091366
2797,-166.79890488600768
2798,-52.64844653534243
2799,41.474474272176735
2800,17.17276629842337
2801,-90.60091004073996
2802,113.6982097453423
2803,123.04308210857118
2804,150.46142331667932
2805,-85.38539888014861
2806,0.09977929107481032
2807,55.66375498073785
2808,174.37818278949953
2809,97.18512146366112
2810,-20.697059907392145
2811,48.225696188668735
2812,53.40778216519607
2813,2.5388116523935196
2814,5.535544132904533
2815,20.684857368650285
2816,-118.55008034848959
2817,59.616618024450986
2818,-42.26679009477118
2819,75.57431673409371
2820,-53.80348066437426
2821,22.22556386942381
2822,65.09901008724563
2823,-10.228473117001272
2824,214.97306271236812
2825,-136.56120397697725
2826,22.840443020621706
2827,11.075900798377575
2828,114.04131922738111
2829,74.16350302551177
2830,40.04535334689933
2831,-18.451642100394565
2832,37.36465103039228
2833,42.77500070893052
2834,-40.0853454834305
2835,-8.442005131989958
2836,-4.645925500445173
2837,28.79103095283915
2838,37.791859963623494
2839,-17.843994110801475
2840,45.81866687357518
2841,-30.216510008455373
2842,-49.539336321236306
2843,-39.52035043824617
2844,-8.368616077669117
2845,23.354967491361208
2846,-6.80794089860251
2847,-427.05709614117245
2848,118.67100693598547
2849,-31.14307572878579
2850,118.50676773746801
2851,37.32356657662649
2852,1.136487014823274
2853,-3.2501932263979825
2854,1.3870335299694716
2855,-18.9442442673228
2856,0.10041891926528024
2857,133.00097627733908
2858,89.69088558478006
2859,34.85294970539519
2860,-22.548108350882217
2861,-90.09896427130064
2862,-11.367335405232552
2863,16.723052927952722
2864,40.85880222762535
2865,42.6864327895056
2866,-4.529904574558429
2867,-97.97324515964073
2868,14.529005631446637
2869,69.6350765142866
2870,67.20606598679922
2871,26.384466321173818
2872,71.63068071841911
2873,4.9532931853976265
2874,26.530334334326653
2875,-119.01860477995353
2876,99.72846065853622
2877,27.436113903604678
2878,-11.989560928469473
2879,132.70756657623292
2880,47.65442452092458
2881,-42.39754953574413
2882,-10.864508828338444
2883,32.296689884216164
2884,-22.383386834676003
2885,-122.0850048197849
2886,117.47137026966129
2887,26.88600935433675
2888,63.685224414185086
2889,-20.358704985510656
2890,92.55885333221977
2891,24.438014886237966
2892,37.485079178878436
2893,-22.369150484420288
2894,13.306363094165818
2895,13.024311264238577
2896,-320.19236046148364
2897,-60.44256128040871
2898,-183.3770104151912
2899,-141.4638529480519
2900,-23.80132883625015
2901,-30.86336381940714
2902,124.06114579469863
2903,-82.0575219426737
2904,120.23818234300848
2905,192.42542639693738
2906,-191.38070158378673
2907,-8.127492456925268
2908,9.963899094379371
2909,-36.657529262032824
2910,-34.900677607220985
2911,0.09980289268412434
2912,-63.66747414098825
2913,133.82233614155064
2914,-14.096309944755376
2915,-26.13777155422929
2916,-24.994051526655824
2917,40.92663696182268
2918,-30.610969140941336
2919,-38.594608304761664
2920,-277.82005872109136
2921,-44.294583420194954
2922,63.42993742134763
2923,43.98713173398835
2924,65.92775892469831
2925,-180.81525564868969
2926,55.663710066550266
2927,-163.60166881862392
2928,-87.80796046844557
2929,-84.65997184130902
2930,38.15270471545347
2931,-73.02644098678729
2932,73.36777609392095
2933,0.10041450858466305
2934,182.379385732292
2935,6.954590345909651
2936,74.00411839759414
2937,115.32271820831465
2938,-65.51396354186994
2939,-67.20168440573838
2940,-63.38234444396147
2941,316.07883090885935
2942,127.30124932395427
2943,40.52901009459015
2944,-43.602626480778326
2945,-6.585573905712124
2946,-23.04365809313464
2947,-60.100105144622205
2948,-95.97304737969273
2949,-25.762671307303776
2950,-48.90037647892643
2951,60.769729267419734
2952,-47.78909703952479
2953,-7.604530620865376
2954,1.4695251119347859
2955,47.538587233468036
2956,89.5926226220763
2957,21.116136858249945
2958,-48.27603827575501
2959,100.04876885344788
2960,-79.07975247709021
2961,148.1630700697326
2962,38.58485174385214
2963,74.09148394944197
2964,-29.721882217827897
2965,123.3778891179735
2966,99.33667550067639
2967,-26.566210274513082
2968,-74.19881597711685
2969,-26.715974003590247
2970,10.765867577632548
2971,163.85733960852713
2972,106.67295592801605
2973,-154.15112715173223
2974,-74.40141835189013
2975,151.88883126927283
2976,38.18121270824008
2977,79.9323420064527
2978,-147.22679596367277
2979,56.15833563508659
2980,32.099746859532445
2981,-58.6373610556563
2982,-61.207801400586334
2983,107.68855064916153
2984,46.69780447616972
2985,382.1450449218155
2986,25.959506956908342
2987,-67.26119156801053
2988,-28.92987925994902
2989,-80.89739742160828
2990,77.82184971876268
2991,-70.46374687380796
2992,-137.24057448193582
2993,62.136775528500664
2994,-261.6176774033836
2995,-66.06516939619064
2996,54.42510283600325
2997,-4.697316891127116
2998,-14.520577024644695
2999,47.636455634636036
3000,-77.23837471474366
3001,-50.3090592138488
3002,-37.178379091271154
3003,104.30948442191999
3004,-17.28040748009215
3005,-69.51462780586746
3006,3.843152195385528
3007,99.6780107126857
3008,-161.84871735762033
3009,3.17904704924365
3010,41.33122025217153
3011,-150.98044514578277
3012,3.660920543304371
3013,22.511768093443493
3014,53.383198359020184
3015,-65.25346961003606
3016,37.63466948726392
3017,-10.259278112803145
3018,0.09985885126218363
3019,108.31954307074858
3020,-55.18671676939039
3021,-23.731724149358058
3022,-84.33919367900035
3023,-1.7233393470133365
3024,-98.3831790118158
3025,-111.73231822071955
3026,-156.1886419278602
3027,15.665700410234933
3028,25.31683360030314
3029,-77.0779703579999
3030,-64.9691370863518
3031,71.49380738465067
3032,72.09700234217769
3033,-38.66265935566781
3034,-316.9780011227888
3035,-14.90000090974786
3036,-247.73918352289706
3037,-43.90689633360944
3038,-71.35375180583162
3039,99.62499607214818
3040,-77.07703809563151
3041,-2.144024361671427
3042,-13.356310338592664
3043,36.17449726852908
3044,-122.98848053233286
3045,0.7312764703759171
3046,-55.2101769397226
3047,102.9135667769998
3048,49.803629686812656
3049,49.943438266619296
3050,-140.83485498573225
3051,2.073655718660234
3052,-105.75235408434492
3053,7.036338580372444
3054,-301.5888386710966
3055,5.2776362165799355
3056,-105.73738619196433
3057,-0.10026806784594555
3058,19.486546958320673
3059,84.08315901796709
3060,-13.26155931544588
3061,-148.8359471288291
3062,-12.744890995214519
3063,-3.5301538673505775
3064,73.40519938451428
3065,71.14944314536325
3066,26.11185134359914
3067,-16.453490027448538
3068,-73.07192926832136
3069,-51.6876401607791
3070,0.09977929107481032
3071,-24.093549730907625
3072,107.82478551436873
3073,-393.9891337001068
3074,114.2977941687551
3075,27.41503300717511
3076,-37.33894710659433
3077,23.636571993181406
3078,107.73925550364129
3079,62.93677709437537
3080,84.58072246772417
3081,-47.224493245177825
3082,117.22345957815082
3083,-15.029783290778937
3084,-17.455803911945395
3085,-159.71073364842027
3086,62.41789263745153
3087,127.58989619624572
3088,-20.141583546410686
3089,30.68843240615996
3090,21.981217213005436
3091,133.35668266914632
3092,-81.59206677842417
3093,92.97470891999598
3094,98.41805265539188
3095,-24.605415350171256
3096,34.670956224599536
3097,-35.0074317804598
3098,22.027416289404357
3099,235.46159911401378
3100,-36.90369658413829
3101,34.047164068021004
3102,-1.575986727547388
3103,-61.46794989867033
3104,111.7063286553963
3105,-7.214228623295185
3106,8.455312894247982
3107,-106.1693569127599
3108,113.54853922348838
3109,86.08494100538076
3110,-0.0999598002838411
3111,29.673932989585808
3112,77.59843831574534
3113,2.8028864892608
3114,85.90534938545613
3115,58.32397558861851
3116,55.25848798363347
3117,-57.51975628607005
3118,-2.8489292781522977
3119,32.57859961095221
3120,56.835626904001515
3121,82.94430359258138
3122,150.56116553359982
3123,57.404100454397394
3124,87.29582248620767
3125,0.10019056179339714
3126,-1.9536174023380681
3127,-39.05636766556347
3128,-68.93461370176533
3129,-176.1640334404741
3130,-34.02443887315201
3131,34.304536786373205
3132,-74.55705246825318
3133,134.08056520868763
3134,204.7602996740872
3135,-0.8994760363155478
3136,19.3443622724663
3137,58.426140483528116
3138,-166.4115052953647
3139,57.54812620545778
3140,-91.18674276797952
3141,-80.5041082965883
3142,-25.81594523758764
3143,47.38574957669823
3144,-94.2527654255806
3145,-21.8630430131156
3146,15.698374083521799
3147,48.06080604876615
3148,46.82495743342878
3149,20.475537027968528
3150,15.997705762916326
3151,43.94180210812124
3152,-53.35064538343943
3153,16.34922625738386
3154,-49.95753978221353
3155,-53.15966483939866
3156,157.69605820939069
